Id,Date,Weekday,Calories
1503960366,3/12/2016,Saturday,2228
1503960366,3/13/2016,Sunday,2100
1503960366,3/14/2016,Monday,1830
1503960366,3/15/2016,Tuesday,2111
1503960366,3/16/2016,Wednesday,1967
1503960366,3/17/2016,Thursday,2039
1503960366,3/18/2016,Friday,2002
1503960366,3/19/2016,Saturday,2057
1503960366,3/20/2016,Sunday,2096
1503960366,3/21/2016,Monday,1846
1503960366,3/22/2016,Tuesday,2014
1503960366,3/23/2016,Wednesday,1966
1503960366,3/24/2016,Thursday,1991
1503960366,3/25/2016,Friday,1819
1503960366,3/26/2016,Saturday,2154
1503960366,3/27/2016,Sunday,1943
1503960366,3/28/2016,Monday,1931
1503960366,3/29/2016,Tuesday,1887
1503960366,3/30/2016,Wednesday,1819
1503960366,3/31/2016,Thursday,1890
1503960366,4/1/2016,Friday,1865
1503960366,4/2/2016,Saturday,1844
1503960366,4/3/2016,Sunday,1851
1503960366,4/4/2016,Monday,2037
1503960366,4/5/2016,Tuesday,2081
1503960366,4/6/2016,Wednesday,1859
1503960366,4/7/2016,Thursday,1753
1503960366,4/8/2016,Friday,1893
1503960366,4/9/2016,Saturday,1884
1503960366,4/10/2016,Sunday,1757
1503960366,4/11/2016,Monday,1810
1624580081,3/12/2016,Saturday,0
1624580081,3/13/2016,Sunday,0
1624580081,3/14/2016,Monday,0
1624580081,3/15/2016,Tuesday,0
1624580081,3/16/2016,Wednesday,0
1624580081,3/17/2016,Thursday,0
1624580081,3/18/2016,Friday,0
1624580081,3/19/2016,Saturday,0
1624580081,3/20/2016,Sunday,0
1624580081,3/21/2016,Monday,0
1624580081,3/22/2016,Tuesday,0
1624580081,3/23/2016,Wednesday,0
1624580081,3/24/2016,Thursday,1267
1624580081,3/25/2016,Friday,1375
1624580081,3/26/2016,Saturday,1266
1624580081,3/27/2016,Sunday,1353
1624580081,3/28/2016,Monday,1344
1624580081,3/29/2016,Tuesday,1302
1624580081,3/30/2016,Wednesday,1313
1624580081,3/31/2016,Thursday,1499
1624580081,4/1/2016,Friday,1544
1624580081,4/2/2016,Saturday,1331
1624580081,4/3/2016,Sunday,1453
1624580081,4/4/2016,Monday,1577
1624580081,4/5/2016,Tuesday,1310
1624580081,4/6/2016,Wednesday,1278
1624580081,4/7/2016,Thursday,1282
1624580081,4/8/2016,Friday,1411
1624580081,4/9/2016,Saturday,1372
1624580081,4/10/2016,Sunday,1554
1624580081,4/11/2016,Monday,1470
1624580081,4/12/2016,Tuesday,1433
1644430081,3/12/2016,Saturday,3753
1644430081,3/13/2016,Sunday,2831
1644430081,3/14/2016,Monday,2584
1644430081,3/15/2016,Tuesday,3247
1644430081,3/16/2016,Wednesday,3486
1644430081,3/17/2016,Thursday,2851
1644430081,3/18/2016,Friday,2459
1644430081,3/19/2016,Saturday,2628
1644430081,3/20/2016,Sunday,2945
1644430081,3/21/2016,Monday,2881
1644430081,3/22/2016,Tuesday,3492
1644430081,3/23/2016,Wednesday,3699
1644430081,3/24/2016,Thursday,2923
1644430081,3/25/2016,Friday,2360
1644430081,3/26/2016,Saturday,2253
1644430081,3/27/2016,Sunday,2748
1644430081,3/28/2016,Monday,2889
1644430081,3/29/2016,Tuesday,3198
1644430081,3/30/2016,Wednesday,3132
1644430081,3/31/2016,Thursday,3211
1644430081,4/1/2016,Friday,3319
1644430081,4/2/2016,Saturday,4028
1644430081,4/3/2016,Sunday,3434
1644430081,4/4/2016,Monday,2442
1644430081,4/5/2016,Tuesday,3093
1644430081,4/6/2016,Wednesday,2924
1644430081,4/7/2016,Thursday,3200
1644430081,4/8/2016,Friday,2924
1644430081,4/9/2016,Saturday,3286
1644430081,4/10/2016,Sunday,487
1844505072,3/12/2016,Saturday,1344
1844505072,3/13/2016,Sunday,1344
1844505072,3/14/2016,Monday,1344
1844505072,3/15/2016,Tuesday,1344
1844505072,3/16/2016,Wednesday,1344
1844505072,3/17/2016,Thursday,1344
1844505072,3/18/2016,Friday,1344
1844505072,3/19/2016,Saturday,1344
1844505072,3/20/2016,Sunday,1344
1844505072,3/21/2016,Monday,1344
1844505072,3/22/2016,Tuesday,1344
1844505072,3/23/2016,Wednesday,1344
1844505072,3/24/2016,Thursday,1344
1844505072,3/25/2016,Friday,1344
1844505072,3/26/2016,Saturday,1344
1844505072,3/27/2016,Sunday,1344
1844505072,3/28/2016,Monday,1344
1844505072,3/29/2016,Tuesday,1344
1844505072,3/30/2016,Wednesday,1576
1844505072,3/31/2016,Thursday,1962
1844505072,4/1/2016,Friday,1967
1844505072,4/2/2016,Saturday,1888
1844505072,4/3/2016,Sunday,1634
1844505072,4/4/2016,Monday,1344
1844505072,4/5/2016,Tuesday,1344
1844505072,4/6/2016,Wednesday,1346
1844505072,4/7/2016,Thursday,1965
1844505072,4/8/2016,Friday,1827
1844505072,4/9/2016,Saturday,1804
1844505072,4/10/2016,Sunday,1971
1844505072,4/11/2016,Monday,1886
1844505072,4/12/2016,Tuesday,2031
1927972279,3/12/2016,Saturday,2758
1927972279,3/13/2016,Sunday,2608
1927972279,3/14/2016,Monday,2135
1927972279,3/15/2016,Tuesday,2560
1927972279,3/16/2016,Wednesday,2893
1927972279,3/17/2016,Thursday,3395
1927972279,3/18/2016,Friday,3677
1927972279,3/19/2016,Saturday,2310
1927972279,3/20/2016,Sunday,2518
1927972279,3/21/2016,Monday,2206
1927972279,3/22/2016,Tuesday,2666
1927972279,3/23/2016,Wednesday,2551
1927972279,3/24/2016,Thursday,2174
1927972279,3/25/2016,Friday,2625
1927972279,3/26/2016,Saturday,2433
1927972279,3/27/2016,Sunday,3587
1927972279,3/28/2016,Monday,3910
1927972279,3/29/2016,Tuesday,2627
1927972279,3/30/2016,Wednesday,3406
1927972279,3/31/2016,Thursday,2547
1927972279,4/1/2016,Friday,2588
1927972279,4/2/2016,Saturday,2785
1927972279,4/3/2016,Sunday,2448
1927972279,4/4/2016,Monday,2380
1927972279,4/5/2016,Tuesday,2345
1927972279,4/6/2016,Wednesday,2202
1927972279,4/7/2016,Thursday,2128
1927972279,4/8/2016,Friday,2086
1927972279,4/9/2016,Saturday,2407
1927972279,4/10/2016,Sunday,2441
1927972279,4/11/2016,Monday,2253
1927972279,4/12/2016,Tuesday,2195
2022484408,3/12/2016,Saturday,2334
2022484408,3/13/2016,Sunday,2252
2022484408,3/14/2016,Monday,2631
2022484408,3/15/2016,Tuesday,2653
2022484408,3/16/2016,Wednesday,2641
2022484408,3/17/2016,Thursday,2313
2022484408,3/18/2016,Friday,2459
2022484408,3/19/2016,Saturday,2716
2022484408,3/20/2016,Sunday,2447
2022484408,3/21/2016,Monday,2885
2022484408,3/22/2016,Tuesday,2398
2022484408,3/23/2016,Wednesday,2657
2022484408,3/24/2016,Thursday,3139
2022484408,3/25/2016,Friday,2782
2022484408,3/26/2016,Saturday,2613
2022484408,3/27/2016,Sunday,2338
2022484408,3/28/2016,Monday,2219
2022484408,3/29/2016,Tuesday,3111
2022484408,3/30/2016,Wednesday,2869
2022484408,3/31/2016,Thursday,3066
2022484408,4/1/2016,Friday,2642
2022484408,4/2/2016,Saturday,2038
2022484408,4/3/2016,Sunday,2393
2022484408,4/4/2016,Monday,2578
2022484408,4/5/2016,Tuesday,2734
2022484408,4/6/2016,Wednesday,2731
2022484408,4/7/2016,Thursday,3019
2022484408,4/8/2016,Friday,2575
2022484408,4/9/2016,Saturday,2810
2022484408,4/10/2016,Sunday,2456
2022484408,4/11/2016,Monday,2565
2022484408,4/12/2016,Tuesday,2386
2026352035,3/12/2016,Saturday,1678
2026352035,3/13/2016,Sunday,1694
2026352035,3/14/2016,Monday,1808
2026352035,3/15/2016,Tuesday,1801
2026352035,3/16/2016,Wednesday,1802
2026352035,3/17/2016,Thursday,1623
2026352035,3/18/2016,Friday,1319
2026352035,3/19/2016,Saturday,1427
2026352035,3/20/2016,Sunday,1418
2026352035,3/21/2016,Monday,1463
2026352035,3/22/2016,Tuesday,1392
2026352035,3/23/2016,Wednesday,1395
2026352035,3/24/2016,Thursday,1336
2026352035,3/25/2016,Friday,1433
2026352035,3/26/2016,Saturday,1360
2026352035,3/27/2016,Sunday,1425
2026352035,3/28/2016,Monday,1425
2026352035,3/29/2016,Tuesday,1374
2026352035,3/30/2016,Wednesday,1396
2026352035,3/31/2016,Thursday,1669
2026352035,4/1/2016,Friday,1411
2026352035,4/2/2016,Saturday,1242
2026352035,4/3/2016,Sunday,1334
2026352035,4/4/2016,Monday,1585
2026352035,4/5/2016,Tuesday,1540
2026352035,4/6/2016,Wednesday,1423
2026352035,4/7/2016,Thursday,1393
2026352035,4/8/2016,Friday,1427
2026352035,4/9/2016,Saturday,1416
2026352035,4/10/2016,Sunday,1517
2026352035,4/11/2016,Monday,1409
2026352035,4/12/2016,Tuesday,1460
2320127002,3/12/2016,Saturday,1553
2320127002,3/13/2016,Sunday,1320
2320127002,3/14/2016,Monday,1320
2320127002,3/15/2016,Tuesday,1320
2320127002,3/16/2016,Wednesday,1320
2320127002,3/17/2016,Thursday,1322
2320127002,3/18/2016,Friday,1320
2320127002,3/19/2016,Saturday,1320
2320127002,3/20/2016,Sunday,1320
2320127002,3/21/2016,Monday,1320
2320127002,3/22/2016,Tuesday,1814
2320127002,3/23/2016,Wednesday,1792
2320127002,3/24/2016,Thursday,1618
2320127002,3/25/2016,Friday,1351
2320127002,3/26/2016,Saturday,1320
2320127002,3/27/2016,Sunday,1320
2320127002,3/28/2016,Monday,1321
2320127002,3/29/2016,Tuesday,1320
2320127002,3/30/2016,Wednesday,1320
2320127002,3/31/2016,Thursday,1320
2320127002,4/1/2016,Friday,1320
2320127002,4/2/2016,Saturday,1320
2320127002,4/3/2016,Sunday,1320
2320127002,4/4/2016,Monday,1320
2320127002,4/5/2016,Tuesday,1706
2320127002,4/6/2016,Wednesday,1951
2320127002,4/7/2016,Thursday,1505
2320127002,4/8/2016,Friday,1623
2320127002,4/9/2016,Saturday,1770
2320127002,4/10/2016,Sunday,1527
2320127002,4/11/2016,Monday,2206
2320127002,4/12/2016,Tuesday,2122
2347167796,3/12/2016,Saturday,2515
2347167796,3/13/2016,Sunday,2528
2347167796,3/14/2016,Monday,2141
2347167796,3/15/2016,Tuesday,2114
2347167796,3/16/2016,Wednesday,2087
2347167796,3/17/2016,Thursday,2103
2347167796,3/18/2016,Friday,2003
2347167796,3/19/2016,Saturday,2058
2347167796,3/20/2016,Sunday,2317
2347167796,3/21/2016,Monday,2148
2347167796,3/22/2016,Tuesday,2159
2347167796,3/23/2016,Wednesday,2060
2347167796,3/24/2016,Thursday,2116
2347167796,3/25/2016,Friday,1914
2347167796,3/26/2016,Saturday,2339
2347167796,3/27/2016,Sunday,2189
2347167796,3/28/2016,Monday,1872
2347167796,3/29/2016,Tuesday,2044
2347167796,3/30/2016,Wednesday,2186
2347167796,3/31/2016,Thursday,1928
2347167796,4/1/2016,Friday,1937
2347167796,4/2/2016,Saturday,2441
2347167796,4/3/2016,Sunday,2038
2347167796,4/4/2016,Monday,2100
2347167796,4/5/2016,Tuesday,2096
2347167796,4/6/2016,Wednesday,2058
2347167796,4/7/2016,Thursday,2336
2347167796,4/8/2016,Friday,2106
2347167796,4/9/2016,Saturday,2487
2347167796,4/10/2016,Sunday,2168
2347167796,4/11/2016,Monday,2009
2347167796,4/12/2016,Tuesday,2342
2873212765,3/12/2016,Saturday,2019
2873212765,3/13/2016,Sunday,2296
2873212765,3/14/2016,Monday,2002
2873212765,3/15/2016,Tuesday,1866
2873212765,3/16/2016,Wednesday,1978
2873212765,3/17/2016,Thursday,2227
2873212765,3/18/2016,Friday,2433
2873212765,3/19/2016,Saturday,1926
2873212765,3/20/2016,Sunday,1811
2873212765,3/21/2016,Monday,1981
2873212765,3/22/2016,Tuesday,1849
2873212765,3/23/2016,Wednesday,2241
2873212765,3/24/2016,Thursday,1989
2873212765,3/25/2016,Friday,1533
2873212765,3/26/2016,Saturday,1772
2873212765,3/27/2016,Sunday,1254
2873212765,3/28/2016,Monday,1807
2873212765,3/29/2016,Tuesday,1987
2873212765,3/30/2016,Wednesday,1819
2873212765,3/31/2016,Thursday,2022
2873212765,4/1/2016,Friday,1329
2873212765,4/2/2016,Saturday,1555
2873212765,4/3/2016,Sunday,1842
2873212765,4/4/2016,Monday,2044
2873212765,4/5/2016,Tuesday,1949
2873212765,4/6/2016,Wednesday,1907
2873212765,4/7/2016,Thursday,2038
2873212765,4/8/2016,Friday,1947
2873212765,4/9/2016,Saturday,2260
2873212765,4/10/2016,Sunday,1727
2873212765,4/11/2016,Monday,1704
2891001357,4/5/2016,Tuesday,1120
3372868164,3/12/2016,Saturday,1900
3372868164,3/13/2016,Sunday,2002
3372868164,3/14/2016,Monday,1993
3372868164,3/15/2016,Tuesday,1790
3372868164,3/16/2016,Wednesday,1998
3372868164,3/17/2016,Thursday,1793
3372868164,3/18/2016,Friday,1887
3372868164,3/19/2016,Saturday,1812
3372868164,3/20/2016,Sunday,2034
3372868164,3/21/2016,Monday,2015
3372868164,3/22/2016,Tuesday,1779
3372868164,3/23/2016,Wednesday,1861
3372868164,3/24/2016,Thursday,1940
3372868164,3/25/2016,Friday,1900
3372868164,3/26/2016,Saturday,1840
3372868164,3/27/2016,Sunday,2074
3372868164,3/28/2016,Monday,1841
3372868164,3/29/2016,Tuesday,2005
3372868164,3/30/2016,Wednesday,1872
3372868164,3/31/2016,Thursday,2076
3372868164,4/1/2016,Friday,1852
3372868164,4/2/2016,Saturday,2068
3372868164,4/3/2016,Sunday,1815
3372868164,4/4/2016,Monday,1878
3372868164,4/5/2016,Tuesday,1789
3372868164,4/6/2016,Wednesday,2010
3372868164,4/7/2016,Thursday,2041
3372868164,4/8/2016,Friday,1816
3372868164,4/9/2016,Saturday,2061
3372868164,4/10/2016,Sunday,1259
3977333714,3/12/2016,Saturday,1360
3977333714,3/13/2016,Sunday,1350
3977333714,3/14/2016,Monday,1212
3977333714,3/15/2016,Tuesday,1675
3977333714,3/16/2016,Wednesday,1762
3977333714,3/17/2016,Thursday,1597
3977333714,3/18/2016,Friday,1540
3977333714,3/19/2016,Saturday,1155
3977333714,3/20/2016,Sunday,1008
3977333714,3/21/2016,Monday,1008
3977333714,3/22/2016,Tuesday,1008
3977333714,3/23/2016,Wednesday,1008
3977333714,3/24/2016,Thursday,1008
3977333714,3/25/2016,Friday,1008
3977333714,3/26/2016,Saturday,1008
3977333714,3/27/2016,Sunday,1008
3977333714,3/28/2016,Monday,1008
3977333714,3/29/2016,Tuesday,1008
3977333714,3/30/2016,Wednesday,1008
3977333714,3/31/2016,Thursday,1076
3977333714,4/1/2016,Friday,1286
3977333714,4/2/2016,Saturday,1490
3977333714,4/3/2016,Sunday,1628
3977333714,4/4/2016,Monday,1646
3977333714,4/5/2016,Tuesday,1649
3977333714,4/6/2016,Wednesday,1783
3977333714,4/7/2016,Thursday,1430
3977333714,4/8/2016,Friday,1522
3977333714,4/9/2016,Saturday,1695
3977333714,4/10/2016,Sunday,1228
3977333714,4/11/2016,Monday,1221
3977333714,4/12/2016,Tuesday,1450
4020332650,3/12/2016,Saturday,2991
4020332650,3/13/2016,Sunday,2484
4020332650,3/14/2016,Monday,2565
4020332650,3/15/2016,Tuesday,3015
4020332650,3/16/2016,Wednesday,3825
4020332650,3/17/2016,Thursday,2157
4020332650,3/18/2016,Friday,1992
4020332650,3/19/2016,Saturday,1992
4020332650,3/20/2016,Sunday,1992
4020332650,3/21/2016,Monday,1992
4020332650,3/22/2016,Tuesday,1992
4020332650,3/23/2016,Wednesday,1992
4020332650,3/24/2016,Thursday,1992
4020332650,3/25/2016,Friday,1992
4020332650,3/26/2016,Saturday,1992
4020332650,3/27/2016,Sunday,1992
4020332650,3/28/2016,Monday,2968
4020332650,3/29/2016,Tuesday,2973
4020332650,3/30/2016,Wednesday,3416
4020332650,3/31/2016,Thursday,3441
4020332650,4/1/2016,Friday,3336
4020332650,4/2/2016,Saturday,2888
4020332650,4/3/2016,Sunday,3306
4020332650,4/4/2016,Monday,3121
4020332650,4/5/2016,Tuesday,2975
4020332650,4/6/2016,Wednesday,3248
4020332650,4/7/2016,Thursday,3032
4020332650,4/8/2016,Friday,3608
4020332650,4/9/2016,Saturday,3270
4020332650,4/10/2016,Sunday,2812
4020332650,4/11/2016,Monday,2508
4020332650,4/12/2016,Tuesday,3648
4057192912,3/12/2016,Saturday,1776
4057192912,3/13/2016,Sunday,1776
4057192912,3/14/2016,Monday,2454
4057192912,3/15/2016,Tuesday,1776
4057192912,3/16/2016,Wednesday,1934
4057192912,3/17/2016,Thursday,1776
4057192912,3/18/2016,Friday,1869
4057192912,3/19/2016,Saturday,1776
4057192912,3/20/2016,Sunday,1781
4057192912,3/21/2016,Monday,1978
4057192912,3/22/2016,Tuesday,2289
4057192912,3/23/2016,Wednesday,2422
4057192912,3/24/2016,Thursday,1778
4057192912,3/25/2016,Friday,1776
4057192912,3/26/2016,Saturday,1776
4057192912,3/27/2016,Sunday,2006
4057192912,3/28/2016,Monday,1778
4057192912,3/29/2016,Tuesday,2248
4057192912,3/30/2016,Wednesday,2237
4057192912,3/31/2016,Thursday,1776
4057192912,4/1/2016,Friday,1776
4057192912,4/2/2016,Saturday,1776
4057192912,4/3/2016,Sunday,1776
4057192912,4/4/2016,Monday,1776
4057192912,4/5/2016,Tuesday,1776
4057192912,4/6/2016,Wednesday,1780
4057192912,4/7/2016,Thursday,1778
4057192912,4/8/2016,Friday,2361
4057192912,4/9/2016,Saturday,1942
4057192912,4/10/2016,Sunday,2100
4057192912,4/11/2016,Monday,2375
4057192912,4/12/2016,Tuesday,2273
4319703577,3/12/2016,Saturday,2202
4319703577,3/13/2016,Sunday,2118
4319703577,3/14/2016,Monday,2234
4319703577,3/15/2016,Tuesday,2130
4319703577,3/16/2016,Wednesday,2227
4319703577,3/17/2016,Thursday,2180
4319703577,3/18/2016,Friday,2039
4319703577,3/19/2016,Saturday,2048
4319703577,3/20/2016,Sunday,1872
4319703577,3/21/2016,Monday,2088
4319703577,3/22/2016,Tuesday,2137
4319703577,3/23/2016,Wednesday,2202
4319703577,3/24/2016,Thursday,2347
4319703577,3/25/2016,Friday,2203
4319703577,3/26/2016,Saturday,2048
4319703577,3/27/2016,Sunday,1786
4319703577,3/28/2016,Monday,2297
4319703577,3/29/2016,Tuesday,1957
4319703577,3/30/2016,Wednesday,2141
4319703577,3/31/2016,Thursday,2130
4319703577,4/1/2016,Friday,2217
4319703577,4/2/2016,Saturday,2154
4319703577,4/3/2016,Sunday,2178
4319703577,4/4/2016,Monday,2307
4319703577,4/5/2016,Tuesday,2202
4319703577,4/6/2016,Wednesday,2342
4319703577,4/7/2016,Thursday,2237
4319703577,4/8/2016,Friday,2017
4445114986,3/12/2016,Saturday,2218
4445114986,3/13/2016,Sunday,2398
4445114986,3/14/2016,Monday,2306
4445114986,3/15/2016,Tuesday,2271
4445114986,3/16/2016,Wednesday,2291
4445114986,3/17/2016,Thursday,2394
4445114986,3/18/2016,Friday,2166
4445114986,3/19/2016,Saturday,2301
4445114986,3/20/2016,Sunday,2217
4445114986,3/21/2016,Monday,2456
4445114986,3/22/2016,Tuesday,2128
4445114986,3/23/2016,Wednesday,2299
4445114986,3/24/2016,Thursday,2049
4445114986,3/25/2016,Friday,2285
4445114986,3/26/2016,Saturday,2399
4445114986,3/27/2016,Sunday,2302
4445114986,3/28/2016,Monday,2070
4445114986,3/29/2016,Tuesday,2010
4445114986,3/30/2016,Wednesday,2032
4445114986,3/31/2016,Thursday,2228
4445114986,4/1/2016,Friday,2129
4445114986,4/2/2016,Saturday,2314
4445114986,4/3/2016,Sunday,2059
4445114986,4/4/2016,Monday,1937
4445114986,4/5/2016,Tuesday,2215
4445114986,4/6/2016,Wednesday,2376
4445114986,4/7/2016,Thursday,2337
4445114986,4/8/2016,Friday,2302
4445114986,4/9/2016,Saturday,2206
4445114986,4/10/2016,Sunday,2423
4445114986,4/11/2016,Monday,2297
4445114986,4/12/2016,Tuesday,2115
4558609924,3/12/2016,Saturday,1997
4558609924,3/13/2016,Sunday,1656
4558609924,3/14/2016,Monday,1460
4558609924,3/15/2016,Tuesday,1707
4558609924,3/16/2016,Wednesday,1665
4558609924,3/17/2016,Thursday,1894
4558609924,3/18/2016,Friday,1682
4558609924,3/19/2016,Saturday,1344
4558609924,3/20/2016,Sunday,1677
4558609924,3/21/2016,Monday,1344
4558609924,3/22/2016,Tuesday,1344
4558609924,3/23/2016,Wednesday,1344
4558609924,3/24/2016,Thursday,1836
4558609924,3/25/2016,Friday,1641
4558609924,3/26/2016,Saturday,1713
4558609924,3/27/2016,Sunday,2148
4558609924,3/28/2016,Monday,2134
4558609924,3/29/2016,Tuesday,2091
4558609924,3/30/2016,Wednesday,1884
4558609924,3/31/2016,Thursday,1963
4558609924,4/1/2016,Friday,1904
4558609924,4/2/2016,Saturday,1680
4558609924,4/3/2016,Sunday,1903
4558609924,4/4/2016,Monday,2080
4558609924,4/5/2016,Tuesday,1880
4558609924,4/6/2016,Wednesday,1856
4558609924,4/7/2016,Thursday,2237
4558609924,4/8/2016,Friday,1780
4558609924,4/9/2016,Saturday,1883
4558609924,4/10/2016,Sunday,1908
4558609924,4/11/2016,Monday,2152
4558609924,4/12/2016,Tuesday,1912
4702921684,3/12/2016,Saturday,3607
4702921684,3/13/2016,Sunday,3102
4702921684,3/14/2016,Monday,2946
4702921684,3/15/2016,Tuesday,3062
4702921684,3/16/2016,Wednesday,2796
4702921684,3/17/2016,Thursday,2920
4702921684,3/18/2016,Friday,2732
4702921684,3/19/2016,Saturday,2018
4702921684,3/20/2016,Sunday,2016
4702921684,3/21/2016,Monday,2434
4702921684,3/22/2016,Tuesday,3131
4702921684,3/23/2016,Wednesday,2870
4702921684,3/24/2016,Thursday,2948
4702921684,3/25/2016,Friday,2821
4702921684,3/26/2016,Saturday,3656
4702921684,3/27/2016,Sunday,3378
4702921684,3/28/2016,Monday,2975
4702921684,3/29/2016,Tuesday,2885
4702921684,3/30/2016,Wednesday,2915
4702921684,3/31/2016,Thursday,2896
4702921684,4/1/2016,Friday,2923
4702921684,4/2/2016,Saturday,3324
4702921684,4/3/2016,Sunday,3358
4702921684,4/4/2016,Monday,2930
4702921684,4/5/2016,Tuesday,2850
4702921684,4/6/2016,Wednesday,2941
4702921684,4/7/2016,Thursday,2822
4702921684,4/8/2016,Friday,2973
4702921684,4/9/2016,Saturday,3598
4702921684,4/10/2016,Sunday,3226
4702921684,4/11/2016,Monday,2621
5553957443,3/12/2016,Saturday,1490
5553957443,3/13/2016,Sunday,1709
5553957443,3/14/2016,Monday,2132
5553957443,3/15/2016,Tuesday,2039
5553957443,3/16/2016,Wednesday,2062
5553957443,3/17/2016,Thursday,1763
5553957443,3/18/2016,Friday,1569
5553957443,3/19/2016,Saturday,1320
5553957443,3/20/2016,Sunday,1320
5553957443,3/21/2016,Monday,1615
5553957443,3/22/2016,Tuesday,1419
5553957443,3/23/2016,Wednesday,1605
5553957443,3/24/2016,Thursday,1860
5553957443,3/25/2016,Friday,1684
5553957443,3/26/2016,Saturday,1787
5553957443,3/27/2016,Sunday,1554
5553957443,3/28/2016,Monday,1853
5553957443,3/29/2016,Tuesday,2204
5553957443,3/30/2016,Wednesday,1925
5553957443,3/31/2016,Thursday,2098
5553957443,4/1/2016,Friday,2141
5553957443,4/2/2016,Saturday,1614
5553957443,4/3/2016,Sunday,1480
5553957443,4/4/2016,Monday,1893
5553957443,4/5/2016,Tuesday,2087
5553957443,4/6/2016,Wednesday,2044
5553957443,4/7/2016,Thursday,2249
5553957443,4/8/2016,Friday,2018
5553957443,4/9/2016,Saturday,1691
5553957443,4/10/2016,Sunday,1711
5553957443,4/11/2016,Monday,2066
5553957443,4/12/2016,Tuesday,2026
5577150313,3/12/2016,Saturday,4776
5577150313,3/13/2016,Sunday,4452
5577150313,3/14/2016,Monday,3757
5577150313,3/15/2016,Tuesday,3808
5577150313,3/16/2016,Wednesday,3752
5577150313,3/17/2016,Thursday,3575
5577150313,3/18/2016,Friday,3882
5577150313,3/19/2016,Saturday,4330
5577150313,3/20/2016,Sunday,2739
5577150313,3/21/2016,Monday,2125
5577150313,3/22/2016,Tuesday,2256
5577150313,3/23/2016,Wednesday,3320
5577150313,3/24/2016,Thursday,3120
5577150313,3/25/2016,Friday,3163
5577150313,3/26/2016,Saturday,3789
5577150313,3/27/2016,Sunday,2938
5577150313,3/28/2016,Monday,3825
5577150313,3/29/2016,Tuesday,3543
5577150313,3/30/2016,Wednesday,3326
5577150313,3/31/2016,Thursday,3824
5577150313,4/1/2016,Friday,3626
5577150313,4/2/2016,Saturday,4432
5577150313,4/3/2016,Sunday,3427
5577150313,4/4/2016,Monday,3493
5577150313,4/5/2016,Tuesday,3595
5577150313,4/6/2016,Wednesday,3764
5577150313,4/7/2016,Thursday,2775
5577150313,4/8/2016,Friday,2485
5577150313,4/9/2016,Saturday,3815
5577150313,4/10/2016,Sunday,3378
5577150313,4/11/2016,Monday,1386
6117666160,3/12/2016,Saturday,1847
6117666160,3/13/2016,Sunday,2242
6117666160,3/14/2016,Monday,2169
6117666160,3/15/2016,Tuesday,2112
6117666160,3/16/2016,Wednesday,2324
6117666160,3/17/2016,Thursday,1992
6117666160,3/18/2016,Friday,2260
6117666160,3/19/2016,Saturday,2334
6117666160,3/20/2016,Sunday,2404
6117666160,3/21/2016,Monday,2287
6117666160,3/22/2016,Tuesday,2082
6117666160,3/23/2016,Wednesday,2148
6117666160,3/24/2016,Thursday,2443
6117666160,3/25/2016,Friday,2454
6117666160,3/26/2016,Saturday,2550
6117666160,3/27/2016,Sunday,2050
6117666160,3/28/2016,Monday,1987
6117666160,3/29/2016,Tuesday,2292
6117666160,3/30/2016,Wednesday,2411
6117666160,3/31/2016,Thursday,2500
6117666160,4/1/2016,Friday,2210
6117666160,4/2/2016,Saturday,2886
6117666160,4/3/2016,Sunday,1488
6117666160,4/4/2016,Monday,2257
6117666160,4/5/2016,Tuesday,2444
6117666160,4/6/2016,Wednesday,2696
6117666160,4/7/2016,Thursday,1900
6117666160,4/8/2016,Friday,2474
6117666160,4/9/2016,Saturday,2611
6290855005,3/12/2016,Saturday,3647
6290855005,3/13/2016,Sunday,2724
6290855005,3/14/2016,Monday,2064
6290855005,3/15/2016,Tuesday,2064
6290855005,3/16/2016,Wednesday,2952
6290855005,3/17/2016,Thursday,2697
6290855005,3/18/2016,Friday,2778
6290855005,3/19/2016,Saturday,2701
6290855005,3/20/2016,Sunday,2947
6290855005,3/21/2016,Monday,2555
6290855005,3/22/2016,Tuesday,3333
6290855005,3/23/2016,Wednesday,2382
6290855005,3/24/2016,Thursday,2599
6290855005,3/25/2016,Friday,2064
6290855005,3/26/2016,Saturday,2064
6290855005,3/27/2016,Sunday,3445
6290855005,3/28/2016,Monday,2950
6290855005,3/29/2016,Tuesday,2599
6290855005,3/30/2016,Wednesday,2775
6290855005,3/31/2016,Thursday,2064
6290855005,4/1/2016,Friday,2780
6290855005,4/2/2016,Saturday,2166
6391747486,3/12/2016,Saturday,1824
6391747486,3/13/2016,Sunday,1824
6391747486,3/14/2016,Monday,1824
6391747486,3/15/2016,Tuesday,1824
6391747486,3/16/2016,Wednesday,1824
6391747486,3/17/2016,Thursday,1824
6391747486,3/18/2016,Friday,1824
6391747486,3/19/2016,Saturday,1824
6391747486,3/20/2016,Sunday,1824
6391747486,3/21/2016,Monday,1824
6391747486,3/22/2016,Tuesday,1824
6391747486,3/23/2016,Wednesday,1824
6391747486,3/24/2016,Thursday,1824
6391747486,3/25/2016,Friday,1824
6391747486,3/26/2016,Saturday,1824
6391747486,3/27/2016,Sunday,1824
6391747486,3/28/2016,Monday,1824
6391747486,3/29/2016,Tuesday,1824
6391747486,3/30/2016,Wednesday,1824
6391747486,3/31/2016,Thursday,1824
6391747486,4/1/2016,Friday,1824
6391747486,4/2/2016,Saturday,2228
6391747486,4/3/2016,Sunday,1824
6391747486,4/4/2016,Monday,1824
6391747486,4/5/2016,Tuesday,2442
6391747486,4/6/2016,Wednesday,1853
6391747486,4/7/2016,Thursday,1824
6391747486,4/8/2016,Friday,1824
6391747486,4/9/2016,Saturday,228
6775888955,3/12/2016,Saturday,2229
6775888955,3/13/2016,Sunday,2775
6775888955,3/14/2016,Monday,2454
6775888955,3/15/2016,Tuesday,2414
6775888955,3/16/2016,Wednesday,2071
6775888955,3/17/2016,Thursday,2081
6775888955,3/18/2016,Friday,3009
6775888955,3/19/2016,Saturday,2512
6775888955,3/20/2016,Sunday,2898
6775888955,3/21/2016,Monday,2452
6775888955,3/22/2016,Tuesday,1848
6775888955,3/23/2016,Wednesday,1848
6775888955,3/24/2016,Thursday,1848
6775888955,3/25/2016,Friday,2426
6775888955,3/26/2016,Saturday,4564
6775888955,3/27/2016,Sunday,4066
6775888955,3/28/2016,Monday,3921
6775888955,3/29/2016,Tuesday,2063
6775888955,3/30/2016,Wednesday,2146
6775888955,3/31/2016,Thursday,2273
6775888955,4/1/2016,Friday,3070
6775888955,4/2/2016,Saturday,2211
6775888955,4/3/2016,Sunday,1984
6775888955,4/4/2016,Monday,1848
6775888955,4/5/2016,Tuesday,4136
6775888955,4/6/2016,Wednesday,3920
6775888955,4/7/2016,Thursday,3858
6775888955,4/8/2016,Friday,2587
6775888955,4/9/2016,Saturday,788
6962181067,3/12/2016,Saturday,2275
6962181067,3/13/2016,Sunday,2049
6962181067,3/14/2016,Monday,2259
6962181067,3/15/2016,Tuesday,2010
6962181067,3/16/2016,Wednesday,2523
6962181067,3/17/2016,Thursday,2803
6962181067,3/18/2016,Friday,2876
6962181067,3/19/2016,Saturday,2354
6962181067,3/20/2016,Sunday,2445
6962181067,3/21/2016,Monday,2448
6962181067,3/22/2016,Tuesday,1950
6962181067,3/23/2016,Wednesday,1965
6962181067,3/24/2016,Thursday,1971
6962181067,3/25/2016,Friday,2033
6962181067,3/26/2016,Saturday,2005
6962181067,3/27/2016,Sunday,2027
6962181067,3/28/2016,Monday,2206
6962181067,3/29/2016,Tuesday,2186
6962181067,3/30/2016,Wednesday,2244
6962181067,3/31/2016,Thursday,2190
6962181067,4/1/2016,Friday,2015
6962181067,4/2/2016,Saturday,2115
6962181067,4/3/2016,Sunday,2054
6962181067,4/4/2016,Monday,2432
6962181067,4/5/2016,Tuesday,2160
6962181067,4/6/2016,Wednesday,2169
6962181067,4/7/2016,Thursday,2246
6962181067,4/8/2016,Friday,2186
6962181067,4/9/2016,Saturday,2228
6962181067,4/10/2016,Sunday,2099
6962181067,4/11/2016,Monday,2185
6962181067,4/12/2016,Tuesday,1998
7007744171,3/12/2016,Saturday,1560
7007744171,3/13/2016,Sunday,2829
7007744171,3/14/2016,Monday,2665
7007744171,3/15/2016,Tuesday,2635
7007744171,3/16/2016,Wednesday,1560
7007744171,3/17/2016,Thursday,3746
7007744171,3/18/2016,Friday,2594
7007744171,3/19/2016,Saturday,2201
7007744171,3/20/2016,Sunday,3041
7007744171,3/21/2016,Monday,3404
7007744171,3/22/2016,Tuesday,2890
7007744171,3/23/2016,Wednesday,2702
7007744171,3/24/2016,Thursday,2800
7007744171,3/25/2016,Friday,2891
7007744171,3/26/2016,Saturday,2398
7007744171,3/27/2016,Sunday,2462
7007744171,3/28/2016,Monday,2282
7007744171,3/29/2016,Tuesday,2228
7007744171,3/30/2016,Wednesday,2755
7007744171,3/31/2016,Thursday,2501
7007744171,4/1/2016,Friday,2573
7007744171,4/2/2016,Saturday,2575
7007744171,4/3/2016,Sunday,3088
7007744171,4/4/2016,Monday,2886
7007744171,4/5/2016,Tuesday,2677
7007744171,4/6/2016,Wednesday,2812
7007744171,4/7/2016,Thursday,2841
7007744171,4/8/2016,Friday,2874
7007744171,4/9/2016,Saturday,2616
7007744171,4/10/2016,Sunday,2703
7007744171,4/11/2016,Monday,2870
7007744171,4/12/2016,Tuesday,2940
7086361926,3/12/2016,Saturday,2157
7086361926,3/13/2016,Sunday,1861
7086361926,3/14/2016,Monday,2522
7086361926,3/15/2016,Tuesday,2979
7086361926,3/16/2016,Wednesday,2439
7086361926,3/17/2016,Thursday,2275
7086361926,3/18/2016,Friday,2388
7086361926,3/19/2016,Saturday,2685
7086361926,3/20/2016,Sunday,2015
7086361926,3/21/2016,Monday,2383
7086361926,3/22/2016,Tuesday,1903
7086361926,3/23/2016,Wednesday,1897
7086361926,3/24/2016,Thursday,2990
7086361926,3/25/2016,Friday,2259
7086361926,3/26/2016,Saturday,3052
7086361926,3/27/2016,Sunday,2357
7086361926,3/28/2016,Monday,2149
7086361926,3/29/2016,Tuesday,2296
7086361926,3/30/2016,Wednesday,2273
7086361926,3/31/2016,Thursday,2396
7086361926,4/1/2016,Friday,2497
7086361926,4/2/2016,Saturday,1636
7086361926,4/3/2016,Sunday,1797
7086361926,4/4/2016,Monday,2422
7086361926,4/5/2016,Tuesday,2434
7086361926,4/6/2016,Wednesday,2233
7086361926,4/7/2016,Thursday,2853
7086361926,4/8/2016,Friday,2749
7086361926,4/9/2016,Saturday,2520
7086361926,4/10/2016,Sunday,1802
7086361926,4/11/2016,Monday,2542
7086361926,4/12/2016,Tuesday,2773
8053475328,3/12/2016,Saturday,3259
8053475328,3/13/2016,Sunday,4528
8053475328,3/14/2016,Monday,2755
8053475328,3/15/2016,Tuesday,3042
8053475328,3/16/2016,Wednesday,2911
8053475328,3/17/2016,Thursday,3253
8053475328,3/18/2016,Friday,2842
8053475328,3/19/2016,Saturday,3319
8053475328,3/20/2016,Sunday,3381
8053475328,3/21/2016,Monday,2759
8053475328,3/22/2016,Tuesday,2911
8053475328,3/23/2016,Wednesday,2906
8053475328,3/24/2016,Thursday,2744
8053475328,3/25/2016,Friday,3028
8053475328,3/26/2016,Saturday,2666
8053475328,3/27/2016,Sunday,2720
8053475328,3/28/2016,Monday,2651
8053475328,3/29/2016,Tuesday,2990
8053475328,3/30/2016,Wednesday,2089
8053475328,3/31/2016,Thursday,2783
8053475328,4/1/2016,Friday,2787
8053475328,4/2/2016,Saturday,3377
8053475328,4/3/2016,Sunday,3697
8053475328,4/4/2016,Monday,3210
8053475328,4/5/2016,Tuesday,3169
8053475328,4/6/2016,Wednesday,3123
8053475328,4/7/2016,Thursday,3178
8053475328,4/8/2016,Friday,2789
8053475328,4/9/2016,Saturday,2715
8053475328,4/10/2016,Sunday,2679
8053475328,4/11/2016,Monday,3097
8053475328,4/12/2016,Tuesday,3186
8253242879,3/12/2016,Saturday,1440
8253242879,3/13/2016,Sunday,1440
8253242879,3/14/2016,Monday,1440
8253242879,3/15/2016,Tuesday,1440
8253242879,3/16/2016,Wednesday,1440
8253242879,3/17/2016,Thursday,1440
8253242879,3/18/2016,Friday,1440
8253242879,3/19/2016,Saturday,1440
8253242879,3/20/2016,Sunday,1440
8253242879,3/21/2016,Monday,1440
8253242879,3/22/2016,Tuesday,1440
8253242879,3/23/2016,Wednesday,1440
8253242879,3/24/2016,Thursday,1440
8253242879,3/25/2016,Friday,1440
8253242879,3/26/2016,Saturday,1440
8253242879,3/27/2016,Sunday,1440
8253242879,3/28/2016,Monday,1440
8253242879,3/29/2016,Tuesday,1440
8253242879,3/30/2016,Wednesday,1440
8253242879,3/31/2016,Thursday,1440
8253242879,4/1/2016,Friday,1440
8253242879,4/2/2016,Saturday,1440
8253242879,4/3/2016,Sunday,1440
8253242879,4/4/2016,Monday,1440
8253242879,4/5/2016,Tuesday,1440
8253242879,4/6/2016,Wednesday,1613
8253242879,4/7/2016,Thursday,1771
8253242879,4/8/2016,Friday,2159
8253242879,4/9/2016,Saturday,1827
8253242879,4/10/2016,Sunday,1649
8253242879,4/11/2016,Monday,1330
8378563200,3/12/2016,Saturday,2701
8378563200,3/13/2016,Sunday,2646
8378563200,3/14/2016,Monday,3378
8378563200,3/15/2016,Tuesday,3460
8378563200,3/16/2016,Wednesday,3124
8378563200,3/17/2016,Thursday,2831
8378563200,3/18/2016,Friday,3405
8378563200,3/19/2016,Saturday,2894
8378563200,3/20/2016,Sunday,3105
8378563200,3/21/2016,Monday,2847
8378563200,3/22/2016,Tuesday,3827
8378563200,3/23/2016,Wednesday,3879
8378563200,3/24/2016,Thursday,3556
8378563200,3/25/2016,Friday,4013
8378563200,3/26/2016,Saturday,2871
8378563200,3/27/2016,Sunday,2594
8378563200,3/28/2016,Monday,4140
8378563200,3/29/2016,Tuesday,4170
8378563200,3/30/2016,Wednesday,3070
8378563200,3/31/2016,Thursday,4118
8378563200,4/1/2016,Friday,3670
8378563200,4/2/2016,Saturday,2704
8378563200,4/3/2016,Sunday,3305
8378563200,4/4/2016,Monday,4236
8378563200,4/5/2016,Tuesday,4127
8378563200,4/6/2016,Wednesday,3798
8378563200,4/7/2016,Thursday,3837
8378563200,4/8/2016,Friday,3715
8378563200,4/9/2016,Saturday,2605
8378563200,4/10/2016,Sunday,2623
8378563200,4/11/2016,Monday,3777
8378563200,4/12/2016,Tuesday,3636
8583815059,3/12/2016,Saturday,2439
8583815059,3/13/2016,Sunday,2390
8583815059,3/14/2016,Monday,2336
8583815059,3/15/2016,Tuesday,2408
8583815059,3/16/2016,Wednesday,2389
8583815059,3/17/2016,Thursday,2016
8583815059,3/18/2016,Friday,2016
8583815059,3/19/2016,Saturday,2016
8583815059,3/20/2016,Sunday,2016
8583815059,3/21/2016,Monday,2016
8583815059,3/22/2016,Tuesday,2016
8583815059,3/23/2016,Wednesday,2016
8583815059,3/24/2016,Thursday,2016
8583815059,3/25/2016,Friday,2016
8583815059,3/26/2016,Saturday,2016
8583815059,3/27/2016,Sunday,2016
8583815059,3/28/2016,Monday,2407
8583815059,3/29/2016,Tuesday,2781
8583815059,3/30/2016,Wednesday,2798
8583815059,3/31/2016,Thursday,2875
8583815059,4/1/2016,Friday,2358
8583815059,4/2/2016,Saturday,2510
8583815059,4/3/2016,Sunday,2398
8583815059,4/4/2016,Monday,2462
8583815059,4/5/2016,Tuesday,2786
8583815059,4/6/2016,Wednesday,2353
8583815059,4/7/2016,Thursday,2437
8583815059,4/8/2016,Friday,1723
8792009665,3/12/2016,Saturday,1680
8792009665,3/13/2016,Sunday,1680
8792009665,3/14/2016,Monday,1680
8792009665,3/15/2016,Tuesday,1680
8792009665,3/16/2016,Wednesday,1680
8792009665,3/17/2016,Thursday,1680
8792009665,3/18/2016,Friday,1680
8792009665,3/19/2016,Saturday,1680
8792009665,3/20/2016,Sunday,1680
8792009665,3/21/2016,Monday,1680
8792009665,3/22/2016,Tuesday,1680
8792009665,3/23/2016,Wednesday,1680
8792009665,3/24/2016,Thursday,1680
8792009665,3/25/2016,Friday,1680
8792009665,3/26/2016,Saturday,1680
8792009665,3/27/2016,Sunday,2648
8792009665,3/28/2016,Monday,2126
8792009665,3/29/2016,Tuesday,1977
8792009665,3/30/2016,Wednesday,1888
8792009665,3/31/2016,Thursday,2148
8792009665,4/1/2016,Friday,2261
8792009665,4/2/2016,Saturday,3002
8792009665,4/3/2016,Sunday,2669
8792009665,4/4/2016,Monday,2227
8792009665,4/5/2016,Tuesday,2102
8792009665,4/6/2016,Wednesday,2116
8792009665,4/7/2016,Thursday,1959
8792009665,4/8/2016,Friday,1949
8792009665,4/9/2016,Saturday,1889
8792009665,4/10/2016,Sunday,2250
8792009665,4/11/2016,Monday,1718
8792009665,4/12/2016,Tuesday,2040
8877689391,3/12/2016,Saturday,3889
8877689391,3/13/2016,Sunday,2800
8877689391,3/14/2016,Monday,3677
8877689391,3/15/2016,Tuesday,2814
8877689391,3/16/2016,Wednesday,3486
8877689391,3/17/2016,Thursday,3675
8877689391,3/18/2016,Friday,3723
8877689391,3/19/2016,Saturday,3782
8877689391,3/20/2016,Sunday,3401
8877689391,3/21/2016,Monday,2874
8877689391,3/22/2016,Tuesday,3914
8877689391,3/23/2016,Wednesday,3817
8877689391,3/24/2016,Thursday,2942
8877689391,3/25/2016,Friday,2788
8877689391,3/26/2016,Saturday,2821
8877689391,3/27/2016,Sunday,4731
8877689391,3/28/2016,Monday,2832
8877689391,3/29/2016,Tuesday,3520
8877689391,3/30/2016,Wednesday,4202
8877689391,3/31/2016,Thursday,3000
8877689391,4/1/2016,Friday,3521
8877689391,4/2/2016,Saturday,4205
8877689391,4/3/2016,Sunday,3857
8877689391,4/4/2016,Monday,3657
8877689391,4/5/2016,Tuesday,2832
8877689391,4/6/2016,Wednesday,4034
8877689391,4/7/2016,Thursday,2941
8877689391,4/8/2016,Friday,4191
8877689391,4/9/2016,Saturday,3835
8877689391,4/10/2016,Sunday,4510
8877689391,4/11/2016,Monday,2818
8877689391,4/12/2016,Tuesday,3916
1503960366,4/12/2016,Tuesday,1988
1503960366,4/13/2016,Wednesday,1798
1503960366,4/14/2016,Thursday,1776
1503960366,4/15/2016,Friday,1745
1503960366,4/16/2016,Saturday,1866
1503960366,4/17/2016,Sunday,1730
1503960366,4/18/2016,Monday,1920
1503960366,4/19/2016,Tuesday,2034
1503960366,4/20/2016,Wednesday,1785
1503960366,4/21/2016,Thursday,1777
1503960366,4/22/2016,Friday,1825
1503960366,4/23/2016,Saturday,1948
1503960366,4/24/2016,Sunday,1790
1503960366,4/25/2016,Monday,2010
1503960366,4/26/2016,Tuesday,1973
1503960366,4/27/2016,Wednesday,2159
1503960366,4/28/2016,Thursday,1901
1503960366,4/29/2016,Friday,1839
1503960366,4/30/2016,Saturday,1947
1503960366,5/1/2016,Sunday,1828
1503960366,5/2/2016,Monday,2016
1503960366,5/3/2016,Tuesday,1992
1503960366,5/4/2016,Wednesday,1819
1503960366,5/5/2016,Thursday,1960
1503960366,5/6/2016,Friday,1897
1503960366,5/7/2016,Saturday,1819
1503960366,5/8/2016,Sunday,1740
1503960366,5/9/2016,Monday,1820
1503960366,5/10/2016,Tuesday,1861
1503960366,5/11/2016,Wednesday,1724
1624580081,4/13/2016,Wednesday,1412
1624580081,4/14/2016,Thursday,1575
1624580081,4/15/2016,Friday,1346
1624580081,4/16/2016,Saturday,1466
1624580081,4/17/2016,Sunday,1555
1624580081,4/18/2016,Monday,1604
1624580081,4/19/2016,Tuesday,1438
1624580081,4/20/2016,Wednesday,1448
1624580081,4/21/2016,Thursday,1468
1624580081,4/22/2016,Friday,1471
1624580081,4/23/2016,Saturday,1561
1624580081,4/24/2016,Sunday,1618
1624580081,4/25/2016,Monday,1493
1624580081,4/26/2016,Tuesday,1402
1624580081,4/27/2016,Wednesday,1672
1624580081,4/28/2016,Thursday,1404
1624580081,4/29/2016,Friday,1406
1624580081,4/30/2016,Saturday,1656
1624580081,5/1/2016,Sunday,2692
1624580081,5/2/2016,Monday,1497
1624580081,5/3/2016,Tuesday,1334
1624580081,5/4/2016,Wednesday,1372
1624580081,5/5/2016,Thursday,1372
1624580081,5/6/2016,Friday,1341
1624580081,5/7/2016,Saturday,1474
1624580081,5/8/2016,Sunday,1426
1624580081,5/9/2016,Monday,1329
1624580081,5/10/2016,Tuesday,1393
1624580081,5/11/2016,Wednesday,1363
1624580081,5/12/2016,Thursday,959
1644430081,4/12/2016,Tuesday,3200
1644430081,4/13/2016,Wednesday,2899
1644430081,4/14/2016,Thursday,3224
1644430081,4/15/2016,Friday,2748
1644430081,4/16/2016,Saturday,3489
1644430081,4/17/2016,Sunday,3007
1644430081,4/18/2016,Monday,2804
1644430081,4/19/2016,Tuesday,3253
1644430081,4/20/2016,Wednesday,2430
1644430081,4/21/2016,Thursday,2135
1644430081,4/22/2016,Friday,2341
1644430081,4/23/2016,Saturday,2672
1644430081,4/24/2016,Sunday,2410
1644430081,4/25/2016,Monday,2493
1644430081,4/26/2016,Tuesday,3118
1644430081,4/27/2016,Wednesday,2488
1644430081,4/28/2016,Thursday,3106
1644430081,4/29/2016,Friday,2495
1644430081,4/30/2016,Saturday,3843
1644430081,5/1/2016,Sunday,2690
1644430081,5/2/2016,Monday,2533
1644430081,5/3/2016,Tuesday,3320
1644430081,5/4/2016,Wednesday,2219
1644430081,5/5/2016,Thursday,2459
1644430081,5/6/2016,Friday,3382
1644430081,5/7/2016,Saturday,3402
1644430081,5/8/2016,Sunday,2987
1644430081,5/9/2016,Monday,3004
1644430081,5/10/2016,Tuesday,2795
1644430081,5/11/2016,Wednesday,1179
1844505072,4/13/2016,Wednesday,1860
1844505072,4/14/2016,Thursday,2128
1844505072,4/15/2016,Friday,1723
1844505072,4/16/2016,Saturday,1656
1844505072,4/17/2016,Sunday,1792
1844505072,4/18/2016,Monday,1814
1844505072,4/19/2016,Tuesday,1364
1844505072,4/20/2016,Wednesday,1346
1844505072,4/21/2016,Thursday,2063
1844505072,4/22/2016,Friday,1828
1844505072,4/23/2016,Saturday,1643
1844505072,4/24/2016,Sunday,1344
1844505072,4/25/2016,Monday,1344
1844505072,4/26/2016,Tuesday,1344
1844505072,4/27/2016,Wednesday,1346
1844505072,4/28/2016,Thursday,1993
1844505072,4/29/2016,Friday,1855
1844505072,4/30/2016,Saturday,1763
1844505072,5/1/2016,Sunday,1539
1844505072,5/2/2016,Monday,1345
1844505072,5/3/2016,Tuesday,1742
1844505072,5/4/2016,Wednesday,1547
1844505072,5/5/2016,Thursday,1587
1844505072,5/6/2016,Friday,1348
1844505072,5/7/2016,Saturday,1344
1844505072,5/8/2016,Sunday,1344
1844505072,5/9/2016,Monday,1344
1844505072,5/10/2016,Tuesday,1344
1844505072,5/11/2016,Wednesday,1344
1844505072,5/12/2016,Thursday,616
1927972279,4/13/2016,Wednesday,2150
1927972279,4/14/2016,Thursday,2382
1927972279,4/15/2016,Friday,2222
1927972279,4/16/2016,Saturday,2064
1927972279,4/17/2016,Sunday,2064
1927972279,4/18/2016,Monday,2112
1927972279,4/19/2016,Tuesday,2064
1927972279,4/20/2016,Wednesday,2064
1927972279,4/21/2016,Thursday,2065
1927972279,4/22/2016,Friday,2094
1927972279,4/23/2016,Saturday,2500
1927972279,4/24/2016,Sunday,2326
1927972279,4/25/2016,Monday,2100
1927972279,4/26/2016,Tuesday,2638
1927972279,4/27/2016,Wednesday,2064
1927972279,4/28/2016,Thursday,2351
1927972279,4/29/2016,Friday,2064
1927972279,4/30/2016,Saturday,2064
1927972279,5/1/2016,Sunday,2411
1927972279,5/2/2016,Monday,2506
1927972279,5/3/2016,Tuesday,2197
1927972279,5/4/2016,Wednesday,2340
1927972279,5/5/2016,Thursday,2064
1927972279,5/6/2016,Friday,2384
1927972279,5/7/2016,Saturday,2230
1927972279,5/8/2016,Sunday,2064
1927972279,5/9/2016,Monday,2064
1927972279,5/10/2016,Tuesday,2064
1927972279,5/11/2016,Wednesday,2064
1927972279,5/12/2016,Thursday,1376
2022484408,4/13/2016,Wednesday,2599
2022484408,4/14/2016,Thursday,2310
2022484408,4/15/2016,Friday,2525
2022484408,4/16/2016,Saturday,2174
2022484408,4/17/2016,Sunday,2781
2022484408,4/18/2016,Monday,2768
2022484408,4/19/2016,Tuesday,2484
2022484408,4/20/2016,Wednesday,2896
2022484408,4/21/2016,Thursday,3157
2022484408,4/22/2016,Friday,2637
2022484408,4/23/2016,Saturday,2065
2022484408,4/24/2016,Sunday,2526
2022484408,4/25/2016,Monday,2466
2022484408,4/26/2016,Tuesday,2790
2022484408,4/27/2016,Wednesday,2458
2022484408,4/28/2016,Thursday,2295
2022484408,4/29/2016,Friday,2608
2022484408,4/30/2016,Saturday,2729
2022484408,5/1/2016,Sunday,2377
2022484408,5/2/2016,Monday,2472
2022484408,5/3/2016,Tuesday,2750
2022484408,5/4/2016,Wednesday,2647
2022484408,5/5/2016,Thursday,2606
2022484408,5/6/2016,Friday,2497
2022484408,5/7/2016,Saturday,1992
2022484408,5/8/2016,Sunday,1842
2022484408,5/9/2016,Monday,2709
2022484408,5/10/2016,Tuesday,2795
2022484408,5/11/2016,Wednesday,2542
2022484408,5/12/2016,Thursday,1750
2026352035,4/13/2016,Wednesday,1523
2026352035,4/14/2016,Thursday,1435
2026352035,4/15/2016,Friday,1445
2026352035,4/16/2016,Saturday,1375
2026352035,4/17/2016,Sunday,1221
2026352035,4/18/2016,Monday,1424
2026352035,4/19/2016,Tuesday,1357
2026352035,4/20/2016,Wednesday,1668
2026352035,4/21/2016,Thursday,1371
2026352035,4/22/2016,Friday,1403
2026352035,4/23/2016,Saturday,1917
2026352035,4/24/2016,Sunday,1403
2026352035,4/25/2016,Monday,1582
2026352035,4/26/2016,Tuesday,1599
2026352035,4/27/2016,Wednesday,1593
2026352035,4/28/2016,Thursday,1651
2026352035,4/29/2016,Friday,1696
2026352035,4/30/2016,Saturday,1508
2026352035,5/1/2016,Sunday,1449
2026352035,5/2/2016,Monday,1695
2026352035,5/3/2016,Tuesday,1608
2026352035,5/4/2016,Wednesday,1660
2026352035,5/5/2016,Thursday,1928
2026352035,5/6/2016,Friday,1739
2026352035,5/7/2016,Saturday,1493
2026352035,5/8/2016,Sunday,1559
2026352035,5/9/2016,Monday,1867
2026352035,5/10/2016,Tuesday,1150
2026352035,5/11/2016,Wednesday,1699
2026352035,5/12/2016,Thursday,1297
2320127002,4/13/2016,Wednesday,2003
2320127002,4/14/2016,Thursday,1695
2320127002,4/15/2016,Friday,1800
2320127002,4/16/2016,Saturday,1722
2320127002,4/17/2016,Sunday,1850
2320127002,4/18/2016,Monday,1903
2320127002,4/19/2016,Tuesday,1808
2320127002,4/20/2016,Wednesday,1920
2320127002,4/21/2016,Thursday,1608
2320127002,4/22/2016,Friday,1848
2320127002,4/23/2016,Saturday,1801
2320127002,4/24/2016,Sunday,1725
2320127002,4/25/2016,Monday,1653
2320127002,4/26/2016,Tuesday,1629
2320127002,4/27/2016,Wednesday,1479
2320127002,4/28/2016,Thursday,1469
2320127002,4/29/2016,Friday,1407
2320127002,4/30/2016,Saturday,1776
2320127002,5/1/2016,Sunday,1400
2320127002,5/2/2016,Monday,1609
2320127002,5/3/2016,Tuesday,1876
2320127002,5/4/2016,Wednesday,1422
2320127002,5/5/2016,Thursday,1779
2320127002,5/6/2016,Friday,1738
2320127002,5/7/2016,Saturday,1973
2320127002,5/8/2016,Sunday,1820
2320127002,5/9/2016,Monday,1627
2320127002,5/10/2016,Tuesday,1899
2320127002,5/11/2016,Wednesday,1904
2320127002,5/12/2016,Thursday,1063
2347167796,4/13/2016,Wednesday,2039
2347167796,4/14/2016,Thursday,2012
2347167796,4/15/2016,Friday,2136
2347167796,4/16/2016,Saturday,2667
2347167796,4/17/2016,Sunday,1884
2347167796,4/18/2016,Monday,1947
2347167796,4/19/2016,Tuesday,2344
2347167796,4/20/2016,Wednesday,2195
2347167796,4/21/2016,Thursday,2051
2347167796,4/22/2016,Friday,1947
2347167796,4/23/2016,Saturday,2628
2347167796,4/24/2016,Sunday,2187
2347167796,4/25/2016,Monday,2093
2347167796,4/26/2016,Tuesday,1861
2347167796,4/27/2016,Wednesday,2195
2347167796,4/28/2016,Thursday,1856
2347167796,4/29/2016,Friday,345
2873212765,4/12/2016,Tuesday,1985
2873212765,4/13/2016,Wednesday,2007
2873212765,4/14/2016,Thursday,1895
2873212765,4/15/2016,Friday,2066
2873212765,4/16/2016,Saturday,2150
2873212765,4/17/2016,Sunday,1533
2873212765,4/18/2016,Monday,1893
2873212765,4/19/2016,Tuesday,1957
2873212765,4/20/2016,Wednesday,2106
2873212765,4/21/2016,Thursday,1967
2873212765,4/22/2016,Friday,1950
2873212765,4/23/2016,Saturday,2016
2873212765,4/24/2016,Sunday,1890
2873212765,4/25/2016,Monday,1904
2873212765,4/26/2016,Tuesday,1877
2873212765,4/27/2016,Wednesday,1963
2873212765,4/28/2016,Thursday,1831
2873212765,4/29/2016,Friday,1778
2873212765,4/30/2016,Saturday,1825
2873212765,5/1/2016,Sunday,1736
2873212765,5/2/2016,Monday,1877
2873212765,5/3/2016,Tuesday,1904
2873212765,5/4/2016,Wednesday,2013
2873212765,5/5/2016,Thursday,1967
2873212765,5/6/2016,Friday,1909
2873212765,5/7/2016,Saturday,1890
2873212765,5/8/2016,Sunday,2094
2873212765,5/9/2016,Monday,1906
2873212765,5/10/2016,Tuesday,1960
2873212765,5/11/2016,Wednesday,1815
2873212765,5/12/2016,Thursday,1395
3372868164,4/12/2016,Tuesday,1787
3372868164,4/13/2016,Wednesday,2092
3372868164,4/14/2016,Thursday,2065
3372868164,4/15/2016,Friday,1909
3372868164,4/16/2016,Saturday,1908
3372868164,4/17/2016,Sunday,1966
3372868164,4/18/2016,Monday,2014
3372868164,4/19/2016,Tuesday,1983
3372868164,4/20/2016,Wednesday,1867
3372868164,4/21/2016,Thursday,2125
3372868164,4/22/2016,Friday,1668
3372868164,4/23/2016,Saturday,1996
3372868164,4/24/2016,Sunday,1919
3372868164,4/25/2016,Monday,2012
3372868164,4/26/2016,Tuesday,2056
3372868164,4/27/2016,Wednesday,2095
3372868164,4/28/2016,Thursday,1971
3372868164,4/29/2016,Friday,2044
3372868164,4/30/2016,Saturday,1945
3372868164,5/1/2016,Sunday,1167
3977333714,4/13/2016,Wednesday,1492
3977333714,4/14/2016,Thursday,1432
3977333714,4/15/2016,Friday,1469
3977333714,4/16/2016,Saturday,1624
3977333714,4/17/2016,Sunday,1529
3977333714,4/18/2016,Monday,1583
3977333714,4/19/2016,Tuesday,1632
3977333714,4/20/2016,Wednesday,1553
3977333714,4/21/2016,Thursday,1394
3977333714,4/22/2016,Friday,1482
3977333714,4/23/2016,Saturday,1637
3977333714,4/24/2016,Sunday,1654
3977333714,4/25/2016,Monday,1564
3977333714,4/26/2016,Tuesday,1552
3977333714,4/27/2016,Wednesday,1376
3977333714,4/28/2016,Thursday,1404
3977333714,4/29/2016,Friday,1543
3977333714,4/30/2016,Saturday,1650
3977333714,5/1/2016,Sunday,1500
3977333714,5/2/2016,Monday,1761
3977333714,5/3/2016,Tuesday,1707
3977333714,5/4/2016,Wednesday,1620
3977333714,5/5/2016,Thursday,1617
3977333714,5/6/2016,Friday,1587
3977333714,5/7/2016,Saturday,1572
3977333714,5/8/2016,Sunday,1633
3977333714,5/9/2016,Monday,1658
3977333714,5/10/2016,Tuesday,1627
4020332650,4/13/2016,Wednesday,1992
4020332650,4/14/2016,Thursday,2006
4020332650,4/15/2016,Friday,2955
4020332650,4/16/2016,Saturday,3059
4020332650,4/17/2016,Sunday,1999
4020332650,4/18/2016,Monday,2006
4020332650,4/19/2016,Tuesday,1992
4020332650,4/20/2016,Wednesday,1992
4020332650,4/21/2016,Thursday,1992
4020332650,4/22/2016,Friday,1992
4020332650,4/23/2016,Saturday,1992
4020332650,4/24/2016,Sunday,1992
4020332650,4/25/2016,Monday,1992
4020332650,4/26/2016,Tuesday,1992
4020332650,4/27/2016,Wednesday,1992
4020332650,4/28/2016,Thursday,1992
4020332650,4/29/2016,Friday,1992
4020332650,4/30/2016,Saturday,1992
4020332650,5/1/2016,Sunday,1992
4020332650,5/2/2016,Monday,2218
4020332650,5/3/2016,Tuesday,2826
4020332650,5/4/2016,Wednesday,3872
4020332650,5/5/2016,Thursday,3430
4020332650,5/6/2016,Friday,2705
4020332650,5/7/2016,Saturday,2846
4020332650,5/8/2016,Sunday,3083
4020332650,5/9/2016,Monday,2791
4020332650,5/10/2016,Tuesday,2916
4020332650,5/11/2016,Wednesday,2649
4020332650,5/12/2016,Thursday,1036
4057192912,4/13/2016,Wednesday,2289
4057192912,4/14/2016,Thursday,1776
4057192912,4/15/2016,Friday,1511
4319703577,4/12/2016,Tuesday,1464
4319703577,4/13/2016,Wednesday,1756
4319703577,4/14/2016,Thursday,2299
4319703577,4/15/2016,Friday,1982
4319703577,4/16/2016,Saturday,1886
4319703577,4/17/2016,Sunday,1469
4319703577,4/18/2016,Monday,1637
4319703577,4/19/2016,Tuesday,2203
4319703577,4/20/2016,Wednesday,2215
4319703577,4/21/2016,Thursday,1530
4319703577,4/22/2016,Friday,1886
4319703577,4/23/2016,Saturday,1946
4319703577,4/24/2016,Sunday,1883
4319703577,4/25/2016,Monday,2314
4319703577,4/26/2016,Tuesday,2237
4319703577,4/27/2016,Wednesday,2327
4319703577,4/28/2016,Thursday,2371
4319703577,4/29/2016,Friday,2177
4319703577,4/30/2016,Saturday,2094
4319703577,5/1/2016,Sunday,1598
4319703577,5/2/2016,Monday,2267
4319703577,5/3/2016,Tuesday,2237
4319703577,5/4/2016,Wednesday,2286
4319703577,5/5/2016,Thursday,2533
4319703577,5/6/2016,Friday,2264
4319703577,5/7/2016,Saturday,2160
4319703577,5/8/2016,Sunday,1795
4319703577,5/9/2016,Monday,2347
4319703577,5/10/2016,Tuesday,2261
4319703577,5/11/2016,Wednesday,2233
4319703577,5/12/2016,Thursday,247
4388161847,4/12/2016,Tuesday,1872
4388161847,4/13/2016,Wednesday,2507
4388161847,4/14/2016,Thursday,2996
4388161847,4/15/2016,Friday,3065
4388161847,4/16/2016,Saturday,3075
4388161847,4/17/2016,Sunday,2573
4388161847,4/18/2016,Monday,3273
4388161847,4/19/2016,Tuesday,3016
4388161847,4/20/2016,Wednesday,3085
4388161847,4/21/2016,Thursday,3070
4388161847,4/22/2016,Friday,3542
4388161847,4/23/2016,Saturday,3311
4388161847,4/24/2016,Sunday,2882
4388161847,4/25/2016,Monday,3287
4388161847,4/26/2016,Tuesday,2930
4388161847,4/27/2016,Wednesday,3073
4388161847,4/28/2016,Thursday,2968
4388161847,4/29/2016,Friday,2978
4388161847,4/30/2016,Saturday,3284
4388161847,5/1/2016,Sunday,2926
4388161847,5/2/2016,Monday,3146
4388161847,5/3/2016,Tuesday,3289
4388161847,5/4/2016,Wednesday,3162
4388161847,5/5/2016,Thursday,2899
4388161847,5/6/2016,Friday,3423
4388161847,5/7/2016,Saturday,4022
4388161847,5/8/2016,Sunday,3935
4388161847,5/9/2016,Monday,3012
4388161847,5/10/2016,Tuesday,3059
4388161847,5/11/2016,Wednesday,2954
4388161847,5/12/2016,Thursday,1553
4445114986,4/13/2016,Wednesday,2096
4445114986,4/14/2016,Thursday,2191
4445114986,4/15/2016,Friday,2494
4445114986,4/16/2016,Saturday,2183
4445114986,4/17/2016,Sunday,1930
4445114986,4/18/2016,Monday,2250
4445114986,4/19/2016,Tuesday,1954
4445114986,4/20/2016,Wednesday,1973
4445114986,4/21/2016,Thursday,2145
4445114986,4/22/2016,Friday,2432
4445114986,4/23/2016,Saturday,2151
4445114986,4/24/2016,Sunday,2249
4445114986,4/25/2016,Monday,2074
4445114986,4/26/2016,Tuesday,2293
4445114986,4/27/2016,Wednesday,2361
4445114986,4/28/2016,Thursday,2204
4445114986,4/29/2016,Friday,2195
4445114986,4/30/2016,Saturday,2362
4445114986,5/1/2016,Sunday,2250
4445114986,5/2/2016,Monday,2335
4445114986,5/3/2016,Tuesday,2420
4445114986,5/4/2016,Wednesday,2071
4445114986,5/5/2016,Thursday,2122
4445114986,5/6/2016,Friday,2211
4445114986,5/7/2016,Saturday,2123
4445114986,5/8/2016,Sunday,2423
4445114986,5/9/2016,Monday,2279
4445114986,5/10/2016,Tuesday,2181
4445114986,5/11/2016,Wednesday,2502
4445114986,5/12/2016,Thursday,1152
4558609924,4/13/2016,Wednesday,1728
4558609924,4/14/2016,Thursday,1925
4558609924,4/15/2016,Friday,2124
4558609924,4/16/2016,Saturday,1993
4558609924,4/17/2016,Sunday,2119
4558609924,4/18/2016,Monday,2119
4558609924,4/19/2016,Tuesday,1878
4558609924,4/20/2016,Wednesday,1788
4558609924,4/21/2016,Thursday,2488
4558609924,4/22/2016,Friday,2096
4558609924,4/23/2016,Saturday,2082
4558609924,4/24/2016,Sunday,2167
4558609924,4/25/2016,Monday,2227
4558609924,4/26/2016,Tuesday,2220
4558609924,4/27/2016,Wednesday,2098
4558609924,4/28/2016,Thursday,2187
4558609924,4/29/2016,Friday,1921
4558609924,4/30/2016,Saturday,2106
4558609924,5/1/2016,Sunday,1692
4558609924,5/2/2016,Monday,2070
4558609924,5/3/2016,Tuesday,1957
4558609924,5/4/2016,Wednesday,1846
4558609924,5/5/2016,Thursday,2265
4558609924,5/6/2016,Friday,1727
4558609924,5/7/2016,Saturday,1978
4558609924,5/8/2016,Sunday,2672
4558609924,5/9/2016,Monday,2228
4558609924,5/10/2016,Tuesday,1894
4558609924,5/11/2016,Wednesday,2132
4558609924,5/12/2016,Thursday,1407
4702921684,4/12/2016,Tuesday,2949
4702921684,4/13/2016,Wednesday,2894
4702921684,4/14/2016,Thursday,2986
4702921684,4/15/2016,Friday,2896
4702921684,4/16/2016,Saturday,3321
4702921684,4/17/2016,Sunday,3393
4702921684,4/18/2016,Monday,3012
4702921684,4/19/2016,Tuesday,2813
4702921684,4/20/2016,Wednesday,3063
4702921684,4/21/2016,Thursday,2728
4702921684,4/22/2016,Friday,2241
4702921684,4/23/2016,Saturday,3691
4702921684,4/24/2016,Sunday,3539
4702921684,4/25/2016,Monday,3060
4702921684,4/26/2016,Tuesday,2784
4702921684,4/27/2016,Wednesday,2903
4702921684,4/28/2016,Thursday,3033
4702921684,4/29/2016,Friday,3164
4702921684,4/30/2016,Saturday,3115
4702921684,5/1/2016,Sunday,2016
4702921684,5/2/2016,Monday,2859
4702921684,5/3/2016,Tuesday,3145
4702921684,5/4/2016,Wednesday,3003
4702921684,5/5/2016,Thursday,3005
4702921684,5/6/2016,Friday,2857
4702921684,5/7/2016,Saturday,3683
4702921684,5/8/2016,Sunday,3288
4702921684,5/9/2016,Monday,2991
4702921684,5/10/2016,Tuesday,3171
4702921684,5/11/2016,Wednesday,3068
4702921684,5/12/2016,Thursday,1220
5553957443,4/13/2016,Wednesday,1718
5553957443,4/14/2016,Thursday,2326
5553957443,4/15/2016,Friday,2255
5553957443,4/16/2016,Saturday,1830
5553957443,4/17/2016,Sunday,1398
5553957443,4/18/2016,Monday,1683
5553957443,4/19/2016,Tuesday,2285
5553957443,4/20/2016,Wednesday,1571
5553957443,4/21/2016,Thursday,2067
5553957443,4/22/2016,Friday,2105
5553957443,4/23/2016,Saturday,1778
5553957443,4/24/2016,Sunday,1508
5553957443,4/25/2016,Monday,2034
5553957443,4/26/2016,Tuesday,2098
5553957443,4/27/2016,Wednesday,1922
5553957443,4/28/2016,Thursday,1999
5553957443,4/29/2016,Friday,2170
5553957443,4/30/2016,Saturday,1463
5553957443,5/1/2016,Sunday,1746
5553957443,5/2/2016,Monday,1995
5553957443,5/3/2016,Tuesday,2114
5553957443,5/4/2016,Wednesday,1698
5553957443,5/5/2016,Thursday,2154
5553957443,5/6/2016,Friday,1915
5553957443,5/7/2016,Saturday,1495
5553957443,5/8/2016,Sunday,1763
5553957443,5/9/2016,Monday,2271
5553957443,5/10/2016,Tuesday,2337
5553957443,5/11/2016,Wednesday,1694
5553957443,5/12/2016,Thursday,716
5577150313,4/12/2016,Tuesday,3406
5577150313,4/13/2016,Wednesday,2552
5577150313,4/14/2016,Thursday,4097
5577150313,4/15/2016,Friday,4003
5577150313,4/16/2016,Saturday,4272
5577150313,4/17/2016,Sunday,4551
5577150313,4/18/2016,Monday,3625
5577150313,4/19/2016,Tuesday,3500
5577150313,4/20/2016,Wednesday,3191
5577150313,4/21/2016,Thursday,4019
5577150313,4/22/2016,Friday,3283
5577150313,4/23/2016,Saturday,3153
5577150313,4/24/2016,Sunday,4392
5577150313,4/25/2016,Monday,3374
5577150313,4/26/2016,Tuesday,3088
5577150313,4/27/2016,Wednesday,3292
5577150313,4/28/2016,Thursday,3581
5577150313,4/29/2016,Friday,3543
5577150313,4/30/2016,Saturday,4502
5577150313,5/1/2016,Sunday,4545
5577150313,5/2/2016,Monday,3011
5577150313,5/3/2016,Tuesday,3796
5577150313,5/4/2016,Wednesday,2757
5577150313,5/5/2016,Thursday,3008
5577150313,5/6/2016,Friday,2645
5577150313,5/7/2016,Saturday,1824
5577150313,5/8/2016,Sunday,1824
5577150313,5/9/2016,Monday,2490
5577150313,5/10/2016,Tuesday,3842
5577150313,5/11/2016,Wednesday,1650
6117666160,4/12/2016,Tuesday,1488
6117666160,4/13/2016,Wednesday,1488
6117666160,4/14/2016,Thursday,1488
6117666160,4/15/2016,Friday,2861
6117666160,4/16/2016,Saturday,2829
6117666160,4/17/2016,Sunday,2222
6117666160,4/18/2016,Monday,2018
6117666160,4/19/2016,Tuesday,2604
6117666160,4/20/2016,Wednesday,2534
6117666160,4/21/2016,Thursday,2365
6117666160,4/22/2016,Friday,2410
6117666160,4/23/2016,Saturday,2652
6117666160,4/24/2016,Sunday,2302
6117666160,4/25/2016,Monday,1488
6117666160,4/26/2016,Tuesday,2448
6117666160,4/27/2016,Wednesday,2580
6117666160,4/28/2016,Thursday,1880
6117666160,4/29/2016,Friday,2563
6117666160,4/30/2016,Saturday,2274
6117666160,5/1/2016,Sunday,2359
6117666160,5/2/2016,Monday,2036
6117666160,5/3/2016,Tuesday,1488
6117666160,5/4/2016,Wednesday,1896
6117666160,5/5/2016,Thursday,2637
6117666160,5/6/2016,Friday,1840
6117666160,5/7/2016,Saturday,2468
6117666160,5/8/2016,Sunday,2255
6117666160,5/9/2016,Monday,1085
6290855005,4/12/2016,Tuesday,2563
6290855005,4/13/2016,Wednesday,2908
6290855005,4/14/2016,Thursday,2952
6290855005,4/15/2016,Friday,2897
6290855005,4/16/2016,Saturday,2787
6290855005,4/17/2016,Sunday,3173
6290855005,4/18/2016,Monday,2767
6290855005,4/19/2016,Tuesday,2843
6290855005,4/20/2016,Wednesday,2703
6290855005,4/21/2016,Thursday,2064
6290855005,4/22/2016,Friday,2798
6290855005,4/23/2016,Saturday,2668
6290855005,4/24/2016,Sunday,2705
6290855005,4/25/2016,Monday,2774
6290855005,4/26/2016,Tuesday,2064
6290855005,4/27/2016,Wednesday,2746
6290855005,4/28/2016,Thursday,2690
6290855005,4/29/2016,Friday,2064
6290855005,4/30/2016,Saturday,2846
6290855005,5/1/2016,Sunday,3328
6290855005,5/2/2016,Monday,2725
6290855005,5/3/2016,Tuesday,2674
6290855005,5/4/2016,Wednesday,2720
6290855005,5/5/2016,Thursday,2685
6290855005,5/6/2016,Friday,2807
6290855005,5/7/2016,Saturday,2616
6290855005,5/8/2016,Sunday,2713
6290855005,5/9/2016,Monday,2097
6775888955,4/12/2016,Tuesday,1848
6775888955,4/13/2016,Wednesday,2401
6775888955,4/14/2016,Thursday,2508
6775888955,4/15/2016,Friday,2131
6775888955,4/16/2016,Saturday,2231
6775888955,4/17/2016,Sunday,2074
6775888955,4/18/2016,Monday,2803
6775888955,4/19/2016,Tuesday,1848
6775888955,4/20/2016,Wednesday,3731
6775888955,4/21/2016,Thursday,1848
6775888955,4/22/2016,Friday,1929
6775888955,4/23/2016,Saturday,1848
6775888955,4/24/2016,Sunday,2059
6775888955,4/25/2016,Monday,2487
6775888955,4/26/2016,Tuesday,2590
6775888955,4/27/2016,Wednesday,1848
6775888955,4/28/2016,Thursday,2000
6775888955,4/29/2016,Friday,1848
6775888955,4/30/2016,Saturday,2286
6775888955,5/1/2016,Sunday,2325
6775888955,5/2/2016,Monday,1848
6775888955,5/3/2016,Tuesday,1850
6775888955,5/4/2016,Wednesday,1848
6775888955,5/5/2016,Thursday,1848
6775888955,5/6/2016,Friday,2501
6775888955,5/7/2016,Saturday,1013
6962181067,4/13/2016,Wednesday,1717
6962181067,4/14/2016,Thursday,1468
6962181067,4/15/2016,Friday,1755
6962181067,4/16/2016,Saturday,2171
6962181067,4/17/2016,Sunday,2028
6962181067,4/18/2016,Monday,2040
6962181067,4/19/2016,Tuesday,2046
6962181067,4/20/2016,Wednesday,2174
6962181067,4/21/2016,Thursday,2179
6962181067,4/22/2016,Friday,2088
6962181067,4/23/2016,Saturday,2572
6962181067,4/24/2016,Sunday,1705
6962181067,4/25/2016,Monday,2193
6962181067,4/26/2016,Tuesday,2018
6962181067,4/27/2016,Wednesday,2036
6962181067,4/28/2016,Thursday,2185
6962181067,4/29/2016,Friday,2253
6962181067,4/30/2016,Saturday,2004
6962181067,5/1/2016,Sunday,1741
6962181067,5/2/2016,Monday,2161
6962181067,5/3/2016,Tuesday,2074
6962181067,5/4/2016,Wednesday,2086
6962181067,5/5/2016,Thursday,2066
6962181067,5/6/2016,Friday,1850
6962181067,5/7/2016,Saturday,1947
6962181067,5/8/2016,Sunday,1660
6962181067,5/9/2016,Monday,2105
6962181067,5/10/2016,Tuesday,2361
6962181067,5/11/2016,Wednesday,1855
6962181067,5/12/2016,Thursday,925
7007744171,4/13/2016,Wednesday,2744
7007744171,4/14/2016,Thursday,2670
7007744171,4/15/2016,Friday,2099
7007744171,4/16/2016,Saturday,2077
7007744171,4/17/2016,Sunday,2383
7007744171,4/18/2016,Monday,2834
7007744171,4/19/2016,Tuesday,2812
7007744171,4/20/2016,Wednesday,3098
7007744171,4/21/2016,Thursday,2765
7007744171,4/22/2016,Friday,2891
7007744171,4/23/2016,Saturday,2286
7007744171,4/24/2016,Sunday,2667
7007744171,4/25/2016,Monday,3055
7007744171,4/26/2016,Tuesday,2939
7007744171,4/27/2016,Wednesday,2831
7007744171,4/28/2016,Thursday,2839
7007744171,4/29/2016,Friday,3183
7007744171,4/30/2016,Saturday,2051
7007744171,5/1/2016,Sunday,2228
7007744171,5/2/2016,Monday,2642
7007744171,5/3/2016,Tuesday,2980
7007744171,5/4/2016,Wednesday,1560
7007744171,5/5/2016,Thursday,2935
7007744171,5/6/2016,Friday,2555
7007744171,5/7/2016,Saturday,65
7086361926,4/13/2016,Wednesday,2517
7086361926,4/14/2016,Thursday,2729
7086361926,4/15/2016,Friday,2396
7086361926,4/16/2016,Saturday,1637
7086361926,4/17/2016,Sunday,1632
7086361926,4/18/2016,Monday,2744
7086361926,4/19/2016,Tuesday,2945
7086361926,4/20/2016,Wednesday,2997
7086361926,4/21/2016,Thursday,2465
7086361926,4/22/2016,Friday,2842
7086361926,4/23/2016,Saturday,1966
7086361926,4/24/2016,Sunday,2048
7086361926,4/25/2016,Monday,2754
7086361926,4/26/2016,Tuesday,2780
7086361926,4/27/2016,Wednesday,2693
7086361926,4/28/2016,Thursday,2858
7086361926,4/29/2016,Friday,2615
7086361926,4/30/2016,Saturday,2997
7086361926,5/1/2016,Sunday,2727
7086361926,5/2/2016,Monday,2757
7086361926,5/3/2016,Tuesday,2755
7086361926,5/4/2016,Wednesday,2655
7086361926,5/5/2016,Thursday,2382
7086361926,5/6/2016,Friday,2924
7086361926,5/7/2016,Saturday,2738
7086361926,5/8/2016,Sunday,2532
7086361926,5/9/2016,Monday,2958
7086361926,5/10/2016,Tuesday,2795
7086361926,5/11/2016,Wednesday,2735
7086361926,5/12/2016,Thursday,995
8053475328,4/13/2016,Wednesday,3140
8053475328,4/14/2016,Thursday,3407
8053475328,4/15/2016,Friday,3410
8053475328,4/16/2016,Saturday,2868
8053475328,4/17/2016,Sunday,3211
8053475328,4/18/2016,Monday,3134
8053475328,4/19/2016,Tuesday,3112
8053475328,4/20/2016,Wednesday,3044
8053475328,4/21/2016,Thursday,3103
8053475328,4/22/2016,Friday,2655
8053475328,4/23/2016,Saturday,3555
8053475328,4/24/2016,Sunday,3575
8053475328,4/25/2016,Monday,3402
8053475328,4/26/2016,Tuesday,2846
8053475328,4/27/2016,Wednesday,2850
8053475328,4/28/2016,Thursday,3062
8053475328,4/29/2016,Friday,2793
8053475328,4/30/2016,Saturday,2408
8053475328,5/1/2016,Sunday,1885
8053475328,5/2/2016,Monday,1992
8053475328,5/3/2016,Tuesday,3022
8053475328,5/4/2016,Wednesday,2916
8053475328,5/5/2016,Thursday,2954
8053475328,5/6/2016,Friday,2864
8053475328,5/7/2016,Saturday,3332
8053475328,5/8/2016,Sunday,3591
8053475328,5/9/2016,Monday,2767
8053475328,5/10/2016,Tuesday,2928
8053475328,5/11/2016,Wednesday,2811
8053475328,5/12/2016,Thursday,1487
8253242879,4/12/2016,Tuesday,2039
8253242879,4/13/2016,Wednesday,1930
8253242879,4/14/2016,Thursday,1695
8253242879,4/15/2016,Friday,1626
8253242879,4/16/2016,Saturday,1876
8253242879,4/17/2016,Sunday,2108
8253242879,4/18/2016,Monday,1824
8253242879,4/19/2016,Tuesday,1760
8253242879,4/20/2016,Wednesday,1927
8253242879,4/21/2016,Thursday,2214
8253242879,4/22/2016,Friday,1644
8253242879,4/23/2016,Saturday,2129
8253242879,4/24/2016,Sunday,1972
8253242879,4/25/2016,Monday,1903
8253242879,4/26/2016,Tuesday,1809
8253242879,4/27/2016,Wednesday,2005
8253242879,4/28/2016,Thursday,1570
8253242879,4/29/2016,Friday,1781
8378563200,4/13/2016,Wednesday,4080
8378563200,4/14/2016,Thursday,4164
8378563200,4/15/2016,Friday,3655
8378563200,4/16/2016,Saturday,3362
8378563200,4/17/2016,Sunday,2571
8378563200,4/18/2016,Monday,4159
8378563200,4/19/2016,Tuesday,4091
8378563200,4/20/2016,Wednesday,3787
8378563200,4/21/2016,Thursday,4238
8378563200,4/22/2016,Friday,4046
8378563200,4/23/2016,Saturday,2910
8378563200,4/24/2016,Sunday,2743
8378563200,4/25/2016,Monday,4009
8378563200,4/26/2016,Tuesday,3765
8378563200,4/27/2016,Wednesday,3061
8378563200,4/28/2016,Thursday,2884
8378563200,4/29/2016,Friday,2982
8378563200,4/30/2016,Saturday,2660
8378563200,5/1/2016,Sunday,3370
8378563200,5/2/2016,Monday,3491
8378563200,5/3/2016,Tuesday,3786
8378563200,5/4/2016,Wednesday,3109
8378563200,5/5/2016,Thursday,3785
8378563200,5/6/2016,Friday,3645
8378563200,5/7/2016,Saturday,2800
8378563200,5/8/2016,Sunday,2684
8378563200,5/9/2016,Monday,3721
8378563200,5/10/2016,Tuesday,3588
8378563200,5/11/2016,Wednesday,3788
8378563200,5/12/2016,Thursday,1857
8583815059,4/12/2016,Tuesday,2650
8583815059,4/13/2016,Wednesday,2653
8583815059,4/14/2016,Thursday,2442
8583815059,4/15/2016,Friday,2207
8583815059,4/16/2016,Saturday,2016
8583815059,4/17/2016,Sunday,2016
8583815059,4/18/2016,Monday,2496
8583815059,4/19/2016,Tuesday,2668
8583815059,4/20/2016,Wednesday,2647
8583815059,4/21/2016,Thursday,2883
8583815059,4/22/2016,Friday,2944
8583815059,4/23/2016,Saturday,3011
8583815059,4/24/2016,Sunday,2887
8583815059,4/25/2016,Monday,2547
8583815059,4/26/2016,Tuesday,3092
8583815059,4/27/2016,Wednesday,3140
8583815059,4/28/2016,Thursday,2756
8583815059,4/29/2016,Friday,3508
8583815059,4/30/2016,Saturday,3163
8583815059,5/1/2016,Sunday,2463
8583815059,5/2/2016,Monday,2016
8583815059,5/3/2016,Tuesday,2016
8583815059,5/4/2016,Wednesday,2016
8583815059,5/5/2016,Thursday,2230
8583815059,5/6/2016,Friday,2681
8583815059,5/7/2016,Saturday,2809
8583815059,5/8/2016,Sunday,2939
8583815059,5/9/2016,Monday,2938
8583815059,5/10/2016,Tuesday,2839
8583815059,5/11/2016,Wednesday,2729
8792009665,4/13/2016,Wednesday,1936
8792009665,4/14/2016,Thursday,1960
8792009665,4/15/2016,Friday,2008
8792009665,4/16/2016,Saturday,1713
8792009665,4/17/2016,Sunday,1680
8792009665,4/18/2016,Monday,1680
8792009665,4/19/2016,Tuesday,1680
8792009665,4/20/2016,Wednesday,2189
8792009665,4/21/2016,Thursday,1712
8792009665,4/22/2016,Friday,2420
8792009665,4/23/2016,Saturday,2746
8792009665,4/24/2016,Sunday,1792
8792009665,4/25/2016,Monday,1680
8792009665,4/26/2016,Tuesday,1922
8792009665,4/27/2016,Wednesday,2066
8792009665,4/28/2016,Thursday,2780
8792009665,4/29/2016,Friday,3100
8792009665,4/30/2016,Saturday,2897
8792009665,5/1/2016,Sunday,1963
8792009665,5/2/2016,Monday,2013
8792009665,5/3/2016,Tuesday,2298
8792009665,5/4/2016,Wednesday,2065
8792009665,5/5/2016,Thursday,1680
8792009665,5/6/2016,Friday,1680
8792009665,5/7/2016,Saturday,1680
8792009665,5/8/2016,Sunday,1680
8792009665,5/9/2016,Monday,1680
8877689391,4/13/2016,Wednesday,3565
8877689391,4/14/2016,Thursday,3790
8877689391,4/15/2016,Friday,3920
8877689391,4/16/2016,Saturday,4534
8877689391,4/17/2016,Sunday,3538
8877689391,4/18/2016,Monday,2757
8877689391,4/19/2016,Tuesday,3670
8877689391,4/20/2016,Wednesday,3671
8877689391,4/21/2016,Thursday,3661
8877689391,4/22/2016,Friday,3414
8877689391,4/23/2016,Saturday,3886
8877689391,4/24/2016,Sunday,3449
8877689391,4/25/2016,Monday,3798
8877689391,4/26/2016,Tuesday,2854
8877689391,4/27/2016,Wednesday,3800
8877689391,4/28/2016,Thursday,3058
8877689391,4/29/2016,Friday,2694
8877689391,4/30/2016,Saturday,4388
8877689391,5/1/2016,Sunday,2780
8877689391,5/2/2016,Monday,2181
8877689391,5/3/2016,Tuesday,2813
8877689391,5/4/2016,Wednesday,3472
8877689391,5/5/2016,Thursday,3050
8877689391,5/6/2016,Friday,4003
8877689391,5/7/2016,Saturday,4125
8877689391,5/8/2016,Sunday,2840
8877689391,5/9/2016,Monday,3695
8877689391,5/10/2016,Tuesday,2826
8877689391,5/11/2016,Wednesday,3827
8877689391,5/12/2016,Thursday,1771