Id,ActivityDay,Weekday,StepTotal
1503960366,3/12/2016,Saturday,19675
1503960366,3/13/2016,Sunday,17106
1503960366,3/14/2016,Monday,10023
1503960366,3/15/2016,Tuesday,15384
1503960366,3/16/2016,Wednesday,13498
1503960366,3/17/2016,Thursday,14027
1503960366,3/18/2016,Friday,14544
1503960366,3/19/2016,Saturday,15424
1503960366,3/20/2016,Sunday,15128
1503960366,3/21/2016,Monday,10020
1503960366,3/22/2016,Tuesday,15136
1503960366,3/23/2016,Wednesday,13532
1503960366,3/24/2016,Thursday,13188
1503960366,3/25/2016,Friday,11004
1503960366,3/26/2016,Saturday,17609
1503960366,3/27/2016,Sunday,12736
1503960366,3/28/2016,Monday,13231
1503960366,3/29/2016,Tuesday,12041
1503960366,3/30/2016,Wednesday,10970
1503960366,3/31/2016,Thursday,12196
1503960366,4/1/2016,Friday,12208
1503960366,4/2/2016,Saturday,11248
1503960366,4/3/2016,Sunday,10016
1503960366,4/4/2016,Monday,14538
1503960366,4/5/2016,Tuesday,14844
1503960366,4/6/2016,Wednesday,11974
1503960366,4/7/2016,Thursday,10198
1503960366,4/8/2016,Friday,12521
1503960366,4/9/2016,Saturday,12432
1503960366,4/10/2016,Sunday,10057
1503960366,4/11/2016,Monday,10990
1624580081,3/12/2016,Saturday,2095
1624580081,3/13/2016,Sunday,1305
1624580081,3/14/2016,Monday,2553
1624580081,3/15/2016,Tuesday,10003
1624580081,3/16/2016,Wednesday,9914
1624580081,3/17/2016,Thursday,16111
1624580081,3/18/2016,Friday,3196
1624580081,3/19/2016,Saturday,2064
1624580081,3/20/2016,Sunday,4994
1624580081,3/21/2016,Monday,2139
1624580081,3/22/2016,Tuesday,3897
1624580081,3/23/2016,Wednesday,4341
1624580081,3/24/2016,Thursday,1524
1624580081,3/25/2016,Friday,1750
1624580081,3/26/2016,Saturday,815
1624580081,3/27/2016,Sunday,1985
1624580081,3/28/2016,Monday,1905
1624580081,3/29/2016,Tuesday,1544
1624580081,3/30/2016,Wednesday,1675
1624580081,3/31/2016,Thursday,4506
1624580081,4/1/2016,Friday,9191
1624580081,4/2/2016,Saturday,1556
1624580081,4/3/2016,Sunday,2910
1624580081,4/4/2016,Monday,18464
1624580081,4/5/2016,Tuesday,1335
1624580081,4/6/2016,Wednesday,1004
1624580081,4/7/2016,Thursday,1111
1624580081,4/8/2016,Friday,6309
1624580081,4/9/2016,Saturday,3572
1624580081,4/10/2016,Sunday,3910
1624580081,4/11/2016,Monday,10000
1624580081,4/12/2016,Tuesday,8163
1644430081,3/12/2016,Saturday,16702
1644430081,3/13/2016,Sunday,7987
1644430081,3/14/2016,Monday,4091
1644430081,3/15/2016,Tuesday,11719
1644430081,3/16/2016,Wednesday,10778
1644430081,3/17/2016,Thursday,4245
1644430081,3/18/2016,Friday,1945
1644430081,3/19/2016,Saturday,1698
1644430081,3/20/2016,Sunday,5633
1644430081,3/21/2016,Monday,4101
1644430081,3/22/2016,Tuesday,13788
1644430081,3/23/2016,Wednesday,7265
1644430081,3/24/2016,Thursday,4816
1644430081,3/25/2016,Friday,2951
1644430081,3/26/2016,Saturday,2547
1644430081,3/27/2016,Sunday,5204
1644430081,3/28/2016,Monday,7282
1644430081,3/29/2016,Tuesday,10216
1644430081,3/30/2016,Wednesday,8086
1644430081,3/31/2016,Thursday,10554
1644430081,4/1/2016,Friday,4636
1644430081,4/2/2016,Saturday,20237
1644430081,4/3/2016,Sunday,12912
1644430081,4/4/2016,Monday,2819
1644430081,4/5/2016,Tuesday,9921
1644430081,4/6/2016,Wednesday,8046
1644430081,4/7/2016,Thursday,11166
1644430081,4/8/2016,Friday,7842
1644430081,4/9/2016,Saturday,13840
1644430081,4/10/2016,Sunday,1329
1844505072,3/12/2016,Saturday,0
1844505072,3/13/2016,Sunday,0
1844505072,3/14/2016,Monday,0
1844505072,3/15/2016,Tuesday,0
1844505072,3/16/2016,Wednesday,0
1844505072,3/17/2016,Thursday,0
1844505072,3/18/2016,Friday,0
1844505072,3/19/2016,Saturday,0
1844505072,3/20/2016,Sunday,0
1844505072,3/21/2016,Monday,0
1844505072,3/22/2016,Tuesday,0
1844505072,3/23/2016,Wednesday,0
1844505072,3/24/2016,Thursday,0
1844505072,3/25/2016,Friday,0
1844505072,3/26/2016,Saturday,0
1844505072,3/27/2016,Sunday,0
1844505072,3/28/2016,Monday,0
1844505072,3/29/2016,Tuesday,0
1844505072,3/30/2016,Wednesday,2523
1844505072,3/31/2016,Thursday,6072
1844505072,4/1/2016,Friday,6847
1844505072,4/2/2016,Saturday,5367
1844505072,4/3/2016,Sunday,2841
1844505072,4/4/2016,Monday,0
1844505072,4/5/2016,Tuesday,0
1844505072,4/6/2016,Wednesday,7
1844505072,4/7/2016,Thursday,6344
1844505072,4/8/2016,Friday,5316
1844505072,4/9/2016,Saturday,4979
1844505072,4/10/2016,Sunday,6550
1844505072,4/11/2016,Monday,5430
1844505072,4/12/2016,Tuesday,6697
1927972279,3/12/2016,Saturday,4252
1927972279,3/13/2016,Sunday,3652
1927972279,3/14/2016,Monday,222
1927972279,3/15/2016,Tuesday,5501
1927972279,3/16/2016,Wednesday,8747
1927972279,3/17/2016,Thursday,14085
1927972279,3/18/2016,Friday,18267
1927972279,3/19/2016,Saturday,1350
1927972279,3/20/2016,Sunday,3189
1927972279,3/21/2016,Monday,917
1927972279,3/22/2016,Tuesday,7058
1927972279,3/23/2016,Wednesday,4008
1927972279,3/24/2016,Thursday,709
1927972279,3/25/2016,Friday,4212
1927972279,3/26/2016,Saturday,2595
1927972279,3/27/2016,Sunday,18579
1927972279,3/28/2016,Monday,21216
1927972279,3/29/2016,Tuesday,4673
1927972279,3/30/2016,Wednesday,16361
1927972279,3/31/2016,Thursday,5873
1927972279,4/1/2016,Friday,4317
1927972279,4/2/2016,Saturday,5662
1927972279,4/3/2016,Sunday,3198
1927972279,4/4/2016,Monday,2352
1927972279,4/5/2016,Tuesday,2234
1927972279,4/6/2016,Wednesday,1259
1927972279,4/7/2016,Thursday,768
1927972279,4/8/2016,Friday,519
1927972279,4/9/2016,Saturday,2523
1927972279,4/10/2016,Sunday,2105
1927972279,4/11/2016,Monday,1209
1927972279,4/12/2016,Tuesday,678
2022484408,3/12/2016,Saturday,10522
2022484408,3/13/2016,Sunday,9790
2022484408,3/14/2016,Monday,11694
2022484408,3/15/2016,Tuesday,10663
2022484408,3/16/2016,Wednesday,12650
2022484408,3/17/2016,Thursday,8653
2022484408,3/18/2016,Friday,12351
2022484408,3/19/2016,Saturday,15054
2022484408,3/20/2016,Sunday,11479
2022484408,3/21/2016,Monday,13055
2022484408,3/22/2016,Tuesday,12011
2022484408,3/23/2016,Wednesday,15355
2022484408,3/24/2016,Thursday,15847
2022484408,3/25/2016,Friday,16503
2022484408,3/26/2016,Saturday,13361
2022484408,3/27/2016,Sunday,10374
2022484408,3/28/2016,Monday,9740
2022484408,3/29/2016,Tuesday,15144
2022484408,3/30/2016,Wednesday,14519
2022484408,3/31/2016,Thursday,16043
2022484408,4/1/2016,Friday,13603
2022484408,4/2/2016,Saturday,5477
2022484408,4/3/2016,Sunday,11144
2022484408,4/4/2016,Monday,15313
2022484408,4/5/2016,Tuesday,10805
2022484408,4/6/2016,Wednesday,15392
2022484408,4/7/2016,Thursday,18247
2022484408,4/8/2016,Friday,13023
2022484408,4/9/2016,Saturday,16267
2022484408,4/10/2016,Sunday,10005
2022484408,4/11/2016,Monday,10106
2022484408,4/12/2016,Tuesday,11875
2026352035,3/12/2016,Saturday,7676
2026352035,3/13/2016,Sunday,7757
2026352035,3/14/2016,Monday,10185
2026352035,3/15/2016,Tuesday,10052
2026352035,3/16/2016,Wednesday,10408
2026352035,3/17/2016,Thursday,6562
2026352035,3/18/2016,Friday,2025
2026352035,3/19/2016,Saturday,3089
2026352035,3/20/2016,Sunday,3406
2026352035,3/21/2016,Monday,4603
2026352035,3/22/2016,Tuesday,3322
2026352035,3/23/2016,Wednesday,3211
2026352035,3/24/2016,Thursday,2152
2026352035,3/25/2016,Friday,4069
2026352035,3/26/2016,Saturday,2217
2026352035,3/27/2016,Sunday,3317
2026352035,3/28/2016,Monday,3340
2026352035,3/29/2016,Tuesday,2839
2026352035,3/30/2016,Wednesday,2739
2026352035,3/31/2016,Thursday,8093
2026352035,4/1/2016,Friday,2605
2026352035,4/2/2016,Saturday,1229
2026352035,4/3/2016,Sunday,2308
2026352035,4/4/2016,Monday,6679
2026352035,4/5/2016,Tuesday,5645
2026352035,4/6/2016,Wednesday,3180
2026352035,4/7/2016,Thursday,2767
2026352035,4/8/2016,Friday,3762
2026352035,4/9/2016,Saturday,3098
2026352035,4/10/2016,Sunday,5142
2026352035,4/11/2016,Monday,3279
2026352035,4/12/2016,Tuesday,4414
2320127002,3/12/2016,Saturday,2680
2320127002,3/13/2016,Sunday,0
2320127002,3/14/2016,Monday,0
2320127002,3/15/2016,Tuesday,0
2320127002,3/16/2016,Wednesday,0
2320127002,3/17/2016,Thursday,0
2320127002,3/18/2016,Friday,0
2320127002,3/19/2016,Saturday,0
2320127002,3/20/2016,Sunday,0
2320127002,3/21/2016,Monday,0
2320127002,3/22/2016,Tuesday,6542
2320127002,3/23/2016,Wednesday,4999
2320127002,3/24/2016,Thursday,2906
2320127002,3/25/2016,Friday,302
2320127002,3/26/2016,Saturday,0
2320127002,3/27/2016,Sunday,0
2320127002,3/28/2016,Monday,0
2320127002,3/29/2016,Tuesday,0
2320127002,3/30/2016,Wednesday,0
2320127002,3/31/2016,Thursday,0
2320127002,4/1/2016,Friday,0
2320127002,4/2/2016,Saturday,0
2320127002,4/3/2016,Sunday,0
2320127002,4/4/2016,Monday,0
2320127002,4/5/2016,Tuesday,4931
2320127002,4/6/2016,Wednesday,6999
2320127002,4/7/2016,Thursday,1846
2320127002,4/8/2016,Friday,3417
2320127002,4/9/2016,Saturday,4863
2320127002,4/10/2016,Sunday,2277
2320127002,4/11/2016,Monday,11230
2320127002,4/12/2016,Tuesday,10725
2347167796,3/12/2016,Saturday,13356
2347167796,3/13/2016,Sunday,15984
2347167796,3/14/2016,Monday,10372
2347167796,3/15/2016,Tuesday,10530
2347167796,3/16/2016,Wednesday,10016
2347167796,3/17/2016,Thursday,10091
2347167796,3/18/2016,Friday,10331
2347167796,3/19/2016,Saturday,10299
2347167796,3/20/2016,Sunday,14253
2347167796,3/21/2016,Monday,10060
2347167796,3/22/2016,Tuesday,10072
2347167796,3/23/2016,Wednesday,10083
2347167796,3/24/2016,Thursday,10635
2347167796,3/25/2016,Friday,7272
2347167796,3/26/2016,Saturday,12806
2347167796,3/27/2016,Sunday,6613
2347167796,3/28/2016,Monday,6288
2347167796,3/29/2016,Tuesday,10272
2347167796,3/30/2016,Wednesday,10533
2347167796,3/31/2016,Thursday,6760
2347167796,4/1/2016,Friday,8328
2347167796,4/2/2016,Saturday,15459
2347167796,4/3/2016,Sunday,7485
2347167796,4/4/2016,Monday,10254
2347167796,4/5/2016,Tuesday,10111
2347167796,4/6/2016,Wednesday,11107
2347167796,4/7/2016,Thursday,10320
2347167796,4/8/2016,Friday,10209
2347167796,4/9/2016,Saturday,16081
2347167796,4/10/2016,Sunday,10078
2347167796,4/11/2016,Monday,10001
2347167796,4/12/2016,Tuesday,10113
2873212765,3/12/2016,Saturday,12315
2873212765,3/13/2016,Sunday,14526
2873212765,3/14/2016,Monday,8629
2873212765,3/15/2016,Tuesday,8395
2873212765,3/16/2016,Wednesday,7689
2873212765,3/17/2016,Thursday,11953
2873212765,3/18/2016,Friday,13478
2873212765,3/19/2016,Saturday,8022
2873212765,3/20/2016,Sunday,6737
2873212765,3/21/2016,Monday,8895
2873212765,3/22/2016,Tuesday,6519
2873212765,3/23/2016,Wednesday,10970
2873212765,3/24/2016,Thursday,9716
2873212765,3/25/2016,Friday,2002
2873212765,3/26/2016,Saturday,7660
2873212765,3/27/2016,Sunday,0
2873212765,3/28/2016,Monday,9062
2873212765,3/29/2016,Tuesday,9945
2873212765,3/30/2016,Wednesday,9643
2873212765,3/31/2016,Thursday,13919
2873212765,4/1/2016,Friday,890
2873212765,4/2/2016,Saturday,2214
2873212765,4/3/2016,Sunday,7640
2873212765,4/4/2016,Monday,9713
2873212765,4/5/2016,Tuesday,8432
2873212765,4/6/2016,Wednesday,7350
2873212765,4/7/2016,Thursday,9353
2873212765,4/8/2016,Friday,7157
2873212765,4/9/2016,Saturday,14103
2873212765,4/10/2016,Sunday,5290
2873212765,4/11/2016,Monday,7471
2891001357,4/5/2016,Tuesday,360
3372868164,3/12/2016,Saturday,6789
3372868164,3/13/2016,Sunday,7761
3372868164,3/14/2016,Monday,6444
3372868164,3/15/2016,Tuesday,5229
3372868164,3/16/2016,Wednesday,7576
3372868164,3/17/2016,Thursday,4504
3372868164,3/18/2016,Friday,6652
3372868164,3/19/2016,Saturday,4606
3372868164,3/20/2016,Sunday,7937
3372868164,3/21/2016,Monday,6886
3372868164,3/22/2016,Tuesday,4042
3372868164,3/23/2016,Wednesday,4905
3372868164,3/24/2016,Thursday,6330
3372868164,3/25/2016,Friday,5196
3372868164,3/26/2016,Saturday,5700
3372868164,3/27/2016,Sunday,8635
3372868164,3/28/2016,Monday,5341
3372868164,3/29/2016,Tuesday,8609
3372868164,3/30/2016,Wednesday,5520
3372868164,3/31/2016,Thursday,8218
3372868164,4/1/2016,Friday,5785
3372868164,4/2/2016,Saturday,7625
3372868164,4/3/2016,Sunday,4706
3372868164,4/4/2016,Monday,5861
3372868164,4/5/2016,Tuesday,4460
3372868164,4/6/2016,Wednesday,6406
3372868164,4/7/2016,Thursday,7392
3372868164,4/8/2016,Friday,5551
3372868164,4/9/2016,Saturday,8827
3372868164,4/10/2016,Sunday,4626
3977333714,3/12/2016,Saturday,8193
3977333714,3/13/2016,Sunday,6062
3977333714,3/14/2016,Monday,2907
3977333714,3/15/2016,Tuesday,13823
3977333714,3/16/2016,Wednesday,16441
3977333714,3/17/2016,Thursday,12218
3977333714,3/18/2016,Friday,11239
3977333714,3/19/2016,Saturday,2370
3977333714,3/20/2016,Sunday,0
3977333714,3/21/2016,Monday,0
3977333714,3/22/2016,Tuesday,0
3977333714,3/23/2016,Wednesday,0
3977333714,3/24/2016,Thursday,0
3977333714,3/25/2016,Friday,0
3977333714,3/26/2016,Saturday,0
3977333714,3/27/2016,Sunday,0
3977333714,3/28/2016,Monday,0
3977333714,3/29/2016,Tuesday,0
3977333714,3/30/2016,Wednesday,0
3977333714,3/31/2016,Thursday,1104
3977333714,4/1/2016,Friday,4499
3977333714,4/2/2016,Saturday,7618
3977333714,4/3/2016,Sunday,11508
3977333714,4/4/2016,Monday,11943
3977333714,4/5/2016,Tuesday,12303
3977333714,4/6/2016,Wednesday,15425
3977333714,4/7/2016,Thursday,8422
3977333714,4/8/2016,Friday,10226
3977333714,4/9/2016,Saturday,14581
3977333714,4/10/2016,Sunday,3470
3977333714,4/11/2016,Monday,3052
3977333714,4/12/2016,Tuesday,8856
4020332650,3/12/2016,Saturday,5543
4020332650,3/13/2016,Sunday,3186
4020332650,3/14/2016,Monday,2997
4020332650,3/15/2016,Tuesday,5871
4020332650,3/16/2016,Wednesday,12422
4020332650,3/17/2016,Thursday,919
4020332650,3/18/2016,Friday,0
4020332650,3/19/2016,Saturday,0
4020332650,3/20/2016,Sunday,0
4020332650,3/21/2016,Monday,0
4020332650,3/22/2016,Tuesday,0
4020332650,3/23/2016,Wednesday,0
4020332650,3/24/2016,Thursday,0
4020332650,3/25/2016,Friday,0
4020332650,3/26/2016,Saturday,0
4020332650,3/27/2016,Sunday,0
4020332650,3/28/2016,Monday,385
4020332650,3/29/2016,Tuesday,4137
4020332650,3/30/2016,Wednesday,5390
4020332650,3/31/2016,Thursday,7428
4020332650,4/1/2016,Friday,5329
4020332650,4/2/2016,Saturday,4277
4020332650,4/3/2016,Sunday,6094
4020332650,4/4/2016,Monday,6429
4020332650,4/5/2016,Tuesday,6865
4020332650,4/6/2016,Wednesday,7431
4020332650,4/7/2016,Thursday,6543
4020332650,4/8/2016,Friday,9689
4020332650,4/9/2016,Saturday,7734
4020332650,4/10/2016,Sunday,5094
4020332650,4/11/2016,Monday,2929
4020332650,4/12/2016,Tuesday,8489
4057192912,3/12/2016,Saturday,0
4057192912,3/13/2016,Sunday,0
4057192912,3/14/2016,Monday,8433
4057192912,3/15/2016,Tuesday,0
4057192912,3/16/2016,Wednesday,2139
4057192912,3/17/2016,Thursday,0
4057192912,3/18/2016,Friday,949
4057192912,3/19/2016,Saturday,0
4057192912,3/20/2016,Sunday,44
4057192912,3/21/2016,Monday,2660
4057192912,3/22/2016,Tuesday,5561
4057192912,3/23/2016,Wednesday,7239
4057192912,3/24/2016,Thursday,7
4057192912,3/25/2016,Friday,0
4057192912,3/26/2016,Saturday,0
4057192912,3/27/2016,Sunday,2275
4057192912,3/28/2016,Monday,8
4057192912,3/29/2016,Tuesday,5137
4057192912,3/30/2016,Wednesday,5419
4057192912,3/31/2016,Thursday,0
4057192912,4/1/2016,Friday,0
4057192912,4/2/2016,Saturday,0
4057192912,4/3/2016,Sunday,0
4057192912,4/4/2016,Monday,0
4057192912,4/5/2016,Tuesday,0
4057192912,4/6/2016,Wednesday,18
4057192912,4/7/2016,Thursday,4
4057192912,4/8/2016,Friday,8426
4057192912,4/9/2016,Saturday,1650
4057192912,4/10/2016,Sunday,3434
4057192912,4/11/2016,Monday,6801
4057192912,4/12/2016,Tuesday,5394
4319703577,3/12/2016,Saturday,9266
4319703577,3/13/2016,Sunday,7664
4319703577,3/14/2016,Monday,8498
4319703577,3/15/2016,Tuesday,7767
4319703577,3/16/2016,Wednesday,9512
4319703577,3/17/2016,Thursday,8240
4319703577,3/18/2016,Friday,6427
4319703577,3/19/2016,Saturday,6055
4319703577,3/20/2016,Sunday,3870
4319703577,3/21/2016,Monday,6822
4319703577,3/22/2016,Tuesday,7885
4319703577,3/23/2016,Wednesday,8996
4319703577,3/24/2016,Thursday,10223
4319703577,3/25/2016,Friday,8596
4319703577,3/26/2016,Saturday,5910
4319703577,3/27/2016,Sunday,3482
4319703577,3/28/2016,Monday,9449
4319703577,3/29/2016,Tuesday,5643
4319703577,3/30/2016,Wednesday,9024
4319703577,3/31/2016,Thursday,8144
4319703577,4/1/2016,Friday,9343
4319703577,4/2/2016,Saturday,8405
4319703577,4/3/2016,Sunday,8223
4319703577,4/4/2016,Monday,10067
4319703577,4/5/2016,Tuesday,8359
4319703577,4/6/2016,Wednesday,10946
4319703577,4/7/2016,Thursday,9130
4319703577,4/8/2016,Friday,6420
4445114986,3/12/2016,Saturday,4189
4445114986,3/13/2016,Sunday,5777
4445114986,3/14/2016,Monday,7585
4445114986,3/15/2016,Tuesday,4997
4445114986,3/16/2016,Wednesday,4532
4445114986,3/17/2016,Thursday,7572
4445114986,3/18/2016,Friday,3951
4445114986,3/19/2016,Saturday,5133
4445114986,3/20/2016,Sunday,4033
4445114986,3/21/2016,Monday,8193
4445114986,3/22/2016,Tuesday,2972
4445114986,3/23/2016,Wednesday,4794
4445114986,3/24/2016,Thursday,2806
4445114986,3/25/2016,Friday,5044
4445114986,3/26/2016,Saturday,7174
4445114986,3/27/2016,Sunday,4993
4445114986,3/28/2016,Monday,2987
4445114986,3/29/2016,Tuesday,2303
4445114986,3/30/2016,Wednesday,2600
4445114986,3/31/2016,Thursday,4804
4445114986,4/1/2016,Friday,3271
4445114986,4/2/2016,Saturday,5383
4445114986,4/3/2016,Sunday,3146
4445114986,4/4/2016,Monday,2422
4445114986,4/5/2016,Tuesday,4228
4445114986,4/6/2016,Wednesday,6911
4445114986,4/7/2016,Thursday,6667
4445114986,4/8/2016,Friday,5543
4445114986,4/9/2016,Saturday,4191
4445114986,4/10/2016,Sunday,6625
4445114986,4/11/2016,Monday,5986
4445114986,4/12/2016,Tuesday,3276
4558609924,3/12/2016,Saturday,7616
4558609924,3/13/2016,Sunday,2942
4558609924,3/14/2016,Monday,929
4558609924,3/15/2016,Tuesday,3743
4558609924,3/16/2016,Wednesday,3195
4558609924,3/17/2016,Thursday,5767
4558609924,3/18/2016,Friday,3452
4558609924,3/19/2016,Saturday,0
4558609924,3/20/2016,Sunday,3446
4558609924,3/21/2016,Monday,0
4558609924,3/22/2016,Tuesday,0
4558609924,3/23/2016,Wednesday,0
4558609924,3/24/2016,Thursday,0
4558609924,3/25/2016,Friday,3673
4558609924,3/26/2016,Saturday,4879
4558609924,3/27/2016,Sunday,8131
4558609924,3/28/2016,Monday,7660
4558609924,3/29/2016,Tuesday,7607
4558609924,3/30/2016,Wednesday,5535
4558609924,3/31/2016,Thursday,6476
4558609924,4/1/2016,Friday,5336
4558609924,4/2/2016,Saturday,3183
4558609924,4/3/2016,Sunday,6176
4558609924,4/4/2016,Monday,8205
4558609924,4/5/2016,Tuesday,6799
4558609924,4/6/2016,Wednesday,5668
4558609924,4/7/2016,Thursday,7998
4558609924,4/8/2016,Friday,4195
4558609924,4/9/2016,Saturday,5512
4558609924,4/10/2016,Sunday,6248
4558609924,4/11/2016,Monday,8828
4558609924,4/12/2016,Tuesday,5135
4702921684,3/12/2016,Saturday,13778
4702921684,3/13/2016,Sunday,11042
4702921684,3/14/2016,Monday,6934
4702921684,3/15/2016,Tuesday,8430
4702921684,3/16/2016,Wednesday,6176
4702921684,3/17/2016,Thursday,7379
4702921684,3/18/2016,Friday,6411
4702921684,3/19/2016,Saturday,9
4702921684,3/20/2016,Sunday,0
4702921684,3/21/2016,Monday,3479
4702921684,3/22/2016,Tuesday,9658
4702921684,3/23/2016,Wednesday,6579
4702921684,3/24/2016,Thursday,7835
4702921684,3/25/2016,Friday,6085
4702921684,3/26/2016,Saturday,15072
4702921684,3/27/2016,Sunday,12619
4702921684,3/28/2016,Monday,7449
4702921684,3/29/2016,Tuesday,6506
4702921684,3/30/2016,Wednesday,7583
4702921684,3/31/2016,Thursday,6963
4702921684,4/1/2016,Friday,7165
4702921684,4/2/2016,Saturday,10328
4702921684,4/3/2016,Sunday,12103
4702921684,4/4/2016,Monday,7810
4702921684,4/5/2016,Tuesday,6670
4702921684,4/6/2016,Wednesday,7605
4702921684,4/7/2016,Thursday,6585
4702921684,4/8/2016,Friday,8104
4702921684,4/9/2016,Saturday,14002
4702921684,4/10/2016,Sunday,11135
4702921684,4/11/2016,Monday,6457
5553957443,3/12/2016,Saturday,1439
5553957443,3/13/2016,Sunday,5059
5553957443,3/14/2016,Monday,13625
5553957443,3/15/2016,Tuesday,9634
5553957443,3/16/2016,Wednesday,11498
5553957443,3/17/2016,Thursday,6261
5553957443,3/18/2016,Friday,3689
5553957443,3/19/2016,Saturday,0
5553957443,3/20/2016,Sunday,0
5553957443,3/21/2016,Monday,3246
5553957443,3/22/2016,Tuesday,857
5553957443,3/23/2016,Wednesday,3048
5553957443,3/24/2016,Thursday,7092
5553957443,3/25/2016,Friday,3621
5553957443,3/26/2016,Saturday,6598
5553957443,3/27/2016,Sunday,2312
5553957443,3/28/2016,Monday,6642
5553957443,3/29/2016,Tuesday,13011
5553957443,3/30/2016,Wednesday,10108
5553957443,3/31/2016,Thursday,11583
5553957443,4/1/2016,Friday,12409
5553957443,4/2/2016,Saturday,2927
5553957443,4/3/2016,Sunday,1515
5553957443,4/4/2016,Monday,8921
5553957443,4/5/2016,Tuesday,11306
5553957443,4/6/2016,Wednesday,12252
5553957443,4/7/2016,Thursday,15444
5553957443,4/8/2016,Friday,9938
5553957443,4/9/2016,Saturday,4593
5553957443,4/10/2016,Sunday,5594
5553957443,4/11/2016,Monday,11906
5553957443,4/12/2016,Tuesday,11596
5577150313,3/12/2016,Saturday,19450
5577150313,3/13/2016,Sunday,14845
5577150313,3/14/2016,Monday,12221
5577150313,3/15/2016,Tuesday,11185
5577150313,3/16/2016,Wednesday,12476
5577150313,3/17/2016,Thursday,11470
5577150313,3/18/2016,Friday,10598
5577150313,3/19/2016,Saturday,15552
5577150313,3/20/2016,Sunday,5631
5577150313,3/21/2016,Monday,2030
5577150313,3/22/2016,Tuesday,3180
5577150313,3/23/2016,Wednesday,8752
5577150313,3/24/2016,Thursday,8130
5577150313,3/25/2016,Friday,7752
5577150313,3/26/2016,Saturday,10742
5577150313,3/27/2016,Sunday,6727
5577150313,3/28/2016,Monday,9264
5577150313,3/29/2016,Tuesday,8200
5577150313,3/30/2016,Wednesday,6862
5577150313,3/31/2016,Thursday,9563
5577150313,4/1/2016,Friday,10461
5577150313,4/2/2016,Saturday,14873
5577150313,4/3/2016,Sunday,9917
5577150313,4/4/2016,Monday,7401
5577150313,4/5/2016,Tuesday,8964
5577150313,4/6/2016,Wednesday,11080
5577150313,4/7/2016,Thursday,4499
5577150313,4/8/2016,Friday,4363
5577150313,4/9/2016,Saturday,10494
5577150313,4/10/2016,Sunday,9776
5577150313,4/11/2016,Monday,2622
6117666160,3/12/2016,Saturday,4342
6117666160,3/13/2016,Sunday,6427
6117666160,3/14/2016,Monday,5962
6117666160,3/15/2016,Tuesday,5385
6117666160,3/16/2016,Wednesday,7578
6117666160,3/17/2016,Thursday,4811
6117666160,3/18/2016,Friday,9189
6117666160,3/19/2016,Saturday,6790
6117666160,3/20/2016,Sunday,8201
6117666160,3/21/2016,Monday,7993
6117666160,3/22/2016,Tuesday,5727
6117666160,3/23/2016,Wednesday,6128
6117666160,3/24/2016,Thursday,11543
6117666160,3/25/2016,Friday,11789
6117666160,3/26/2016,Saturday,9595
6117666160,3/27/2016,Sunday,5353
6117666160,3/28/2016,Monday,4273
6117666160,3/29/2016,Tuesday,7154
6117666160,3/30/2016,Wednesday,8548
6117666160,3/31/2016,Thursday,9674
6117666160,4/1/2016,Friday,7444
6117666160,4/2/2016,Saturday,19658
6117666160,4/3/2016,Sunday,0
6117666160,4/4/2016,Monday,8468
6117666160,4/5/2016,Tuesday,9910
6117666160,4/6/2016,Wednesday,12409
6117666160,4/7/2016,Thursday,4853
6117666160,4/8/2016,Friday,8914
6117666160,4/9/2016,Saturday,10789
6290855005,3/12/2016,Saturday,13071
6290855005,3/13/2016,Sunday,6244
6290855005,3/14/2016,Monday,0
6290855005,3/15/2016,Tuesday,0
6290855005,3/16/2016,Wednesday,8914
6290855005,3/17/2016,Thursday,5674
6290855005,3/18/2016,Friday,6071
6290855005,3/19/2016,Saturday,6012
6290855005,3/20/2016,Sunday,7815
6290855005,3/21/2016,Monday,4827
6290855005,3/22/2016,Tuesday,5750
6290855005,3/23/2016,Wednesday,2050
6290855005,3/24/2016,Thursday,5591
6290855005,3/25/2016,Friday,0
6290855005,3/26/2016,Saturday,0
6290855005,3/27/2016,Sunday,7672
6290855005,3/28/2016,Monday,8654
6290855005,3/29/2016,Tuesday,3989
6290855005,3/30/2016,Wednesday,6462
6290855005,3/31/2016,Thursday,0
6290855005,4/1/2016,Friday,6633
6290855005,4/2/2016,Saturday,9491
6391747486,3/12/2016,Saturday,0
6391747486,3/13/2016,Sunday,0
6391747486,3/14/2016,Monday,0
6391747486,3/15/2016,Tuesday,0
6391747486,3/16/2016,Wednesday,0
6391747486,3/17/2016,Thursday,0
6391747486,3/18/2016,Friday,0
6391747486,3/19/2016,Saturday,0
6391747486,3/20/2016,Sunday,0
6391747486,3/21/2016,Monday,0
6391747486,3/22/2016,Tuesday,0
6391747486,3/23/2016,Wednesday,0
6391747486,3/24/2016,Thursday,0
6391747486,3/25/2016,Friday,0
6391747486,3/26/2016,Saturday,0
6391747486,3/27/2016,Sunday,0
6391747486,3/28/2016,Monday,0
6391747486,3/29/2016,Tuesday,0
6391747486,3/30/2016,Wednesday,0
6391747486,3/31/2016,Thursday,0
6391747486,4/1/2016,Friday,0
6391747486,4/2/2016,Saturday,2101
6391747486,4/3/2016,Sunday,0
6391747486,4/4/2016,Monday,0
6391747486,4/5/2016,Tuesday,9766
6391747486,4/6/2016,Wednesday,165
6391747486,4/7/2016,Thursday,0
6391747486,4/8/2016,Friday,0
6391747486,4/9/2016,Saturday,0
6775888955,3/12/2016,Saturday,2929
6775888955,3/13/2016,Sunday,5958
6775888955,3/14/2016,Monday,3876
6775888955,3/15/2016,Tuesday,3942
6775888955,3/16/2016,Wednesday,1368
6775888955,3/17/2016,Thursday,1287
6775888955,3/18/2016,Friday,6576
6775888955,3/19/2016,Saturday,3926
6775888955,3/20/2016,Sunday,7884
6775888955,3/21/2016,Monday,4184
6775888955,3/22/2016,Tuesday,0
6775888955,3/23/2016,Wednesday,0
6775888955,3/24/2016,Thursday,0
6775888955,3/25/2016,Friday,2986
6775888955,3/26/2016,Saturday,16888
6775888955,3/27/2016,Sunday,12631
6775888955,3/28/2016,Monday,13389
6775888955,3/29/2016,Tuesday,1081
6775888955,3/30/2016,Wednesday,1829
6775888955,3/31/2016,Thursday,2498
6775888955,4/1/2016,Friday,7225
6775888955,4/2/2016,Saturday,1988
6775888955,4/3/2016,Sunday,1577
6775888955,4/4/2016,Monday,0
6775888955,4/5/2016,Tuesday,8806
6775888955,4/6/2016,Wednesday,11761
6775888955,4/7/2016,Thursday,13987
6775888955,4/8/2016,Friday,4131
6775888955,4/9/2016,Saturday,14
6962181067,3/12/2016,Saturday,16671
6962181067,3/13/2016,Sunday,10236
6962181067,3/14/2016,Monday,13999
6962181067,3/15/2016,Tuesday,10156
6962181067,3/16/2016,Wednesday,16236
6962181067,3/17/2016,Thursday,26100
6962181067,3/18/2016,Friday,23071
6962181067,3/19/2016,Saturday,20424
6962181067,3/20/2016,Sunday,20053
6962181067,3/21/2016,Monday,20329
6962181067,3/22/2016,Tuesday,11051
6962181067,3/23/2016,Wednesday,10384
6962181067,3/24/2016,Thursday,11332
6962181067,3/25/2016,Friday,12494
6962181067,3/26/2016,Saturday,11885
6962181067,3/27/2016,Sunday,10141
6962181067,3/28/2016,Monday,12472
6962181067,3/29/2016,Tuesday,13063
6962181067,3/30/2016,Wednesday,15491
6962181067,3/31/2016,Thursday,14097
6962181067,4/1/2016,Friday,10467
6962181067,4/2/2016,Saturday,12437
6962181067,4/3/2016,Sunday,12307
6962181067,4/4/2016,Monday,18952
6962181067,4/5/2016,Tuesday,12010
6962181067,4/6/2016,Wednesday,12480
6962181067,4/7/2016,Thursday,13417
6962181067,4/8/2016,Friday,14358
6962181067,4/9/2016,Saturday,12495
6962181067,4/10/2016,Sunday,10148
6962181067,4/11/2016,Monday,12362
6962181067,4/12/2016,Tuesday,10199
7007744171,3/12/2016,Saturday,0
7007744171,3/13/2016,Sunday,12711
7007744171,3/14/2016,Monday,10722
7007744171,3/15/2016,Tuesday,10687
7007744171,3/16/2016,Wednesday,0
7007744171,3/17/2016,Thursday,13714
7007744171,3/18/2016,Friday,11328
7007744171,3/19/2016,Saturday,6131
7007744171,3/20/2016,Sunday,15347
7007744171,3/21/2016,Monday,15833
7007744171,3/22/2016,Tuesday,15020
7007744171,3/23/2016,Wednesday,12608
7007744171,3/24/2016,Thursday,14034
7007744171,3/25/2016,Friday,13359
7007744171,3/26/2016,Saturday,7806
7007744171,3/27/2016,Sunday,8487
7007744171,3/28/2016,Monday,7012
7007744171,3/29/2016,Tuesday,5995
7007744171,3/30/2016,Wednesday,13292
7007744171,3/31/2016,Thursday,10981
7007744171,4/1/2016,Friday,11680
7007744171,4/2/2016,Saturday,10976
7007744171,4/3/2016,Sunday,16806
7007744171,4/4/2016,Monday,15266
7007744171,4/5/2016,Tuesday,12074
7007744171,4/6/2016,Wednesday,13513
7007744171,4/7/2016,Thursday,14100
7007744171,4/8/2016,Friday,12627
7007744171,4/9/2016,Saturday,10345
7007744171,4/10/2016,Sunday,10146
7007744171,4/11/2016,Monday,12168
7007744171,4/12/2016,Tuesday,14172
7086361926,3/12/2016,Saturday,3942
7086361926,3/13/2016,Sunday,1729
7086361926,3/14/2016,Monday,5491
7086361926,3/15/2016,Tuesday,11229
7086361926,3/16/2016,Wednesday,8157
7086361926,3/17/2016,Thursday,7731
7086361926,3/18/2016,Friday,7992
7086361926,3/19/2016,Saturday,10252
7086361926,3/20/2016,Sunday,3623
7086361926,3/21/2016,Monday,7133
7086361926,3/22/2016,Tuesday,1917
7086361926,3/23/2016,Wednesday,1055
7086361926,3/24/2016,Thursday,11504
7086361926,3/25/2016,Friday,4651
7086361926,3/26/2016,Saturday,14319
7086361926,3/27/2016,Sunday,4981
7086361926,3/28/2016,Monday,3654
7086361926,3/29/2016,Tuesday,4715
7086361926,3/30/2016,Wednesday,4339
7086361926,3/31/2016,Thursday,6732
7086361926,4/1/2016,Friday,11463
7086361926,4/2/2016,Saturday,13
7086361926,4/3/2016,Sunday,1949
7086361926,4/4/2016,Monday,6101
7086361926,4/5/2016,Tuesday,7413
7086361926,4/6/2016,Wednesday,7352
7086361926,4/7/2016,Thursday,14574
7086361926,4/8/2016,Friday,9585
7086361926,4/9/2016,Saturday,7338
7086361926,4/10/2016,Sunday,569
7086361926,4/11/2016,Monday,6232
7086361926,4/12/2016,Tuesday,11309
8053475328,3/12/2016,Saturday,18227
8053475328,3/13/2016,Sunday,37322
8053475328,3/14/2016,Monday,12115
8053475328,3/15/2016,Tuesday,15053
8053475328,3/16/2016,Wednesday,13124
8053475328,3/17/2016,Thursday,18155
8053475328,3/18/2016,Friday,12998
8053475328,3/19/2016,Saturday,19039
8053475328,3/20/2016,Sunday,21390
8053475328,3/21/2016,Monday,11687
8053475328,3/22/2016,Tuesday,13025
8053475328,3/23/2016,Wednesday,12734
8053475328,3/24/2016,Thursday,11196
8053475328,3/25/2016,Friday,16213
8053475328,3/26/2016,Saturday,10980
8053475328,3/27/2016,Sunday,9786
8053475328,3/28/2016,Monday,10406
8053475328,3/29/2016,Tuesday,13848
8053475328,3/30/2016,Wednesday,2552
8053475328,3/31/2016,Thursday,11493
8053475328,4/1/2016,Friday,12411
8053475328,4/2/2016,Saturday,20188
8053475328,4/3/2016,Sunday,25701
8053475328,4/4/2016,Monday,17380
8053475328,4/5/2016,Tuesday,17167
8053475328,4/6/2016,Wednesday,16435
8053475328,4/7/2016,Thursday,17078
8053475328,4/8/2016,Friday,11693
8053475328,4/9/2016,Saturday,11159
8053475328,4/10/2016,Sunday,10109
8053475328,4/11/2016,Monday,16064
8053475328,4/12/2016,Tuesday,18060
8253242879,3/12/2016,Saturday,0
8253242879,3/13/2016,Sunday,0
8253242879,3/14/2016,Monday,0
8253242879,3/15/2016,Tuesday,0
8253242879,3/16/2016,Wednesday,0
8253242879,3/17/2016,Thursday,0
8253242879,3/18/2016,Friday,0
8253242879,3/19/2016,Saturday,0
8253242879,3/20/2016,Sunday,0
8253242879,3/21/2016,Monday,0
8253242879,3/22/2016,Tuesday,0
8253242879,3/23/2016,Wednesday,0
8253242879,3/24/2016,Thursday,0
8253242879,3/25/2016,Friday,0
8253242879,3/26/2016,Saturday,0
8253242879,3/27/2016,Sunday,0
8253242879,3/28/2016,Monday,0
8253242879,3/29/2016,Tuesday,0
8253242879,3/30/2016,Wednesday,0
8253242879,3/31/2016,Thursday,0
8253242879,4/1/2016,Friday,0
8253242879,4/2/2016,Saturday,0
8253242879,4/3/2016,Sunday,0
8253242879,4/4/2016,Monday,0
8253242879,4/5/2016,Tuesday,0
8253242879,4/6/2016,Wednesday,1931
8253242879,4/7/2016,Thursday,5181
8253242879,4/8/2016,Friday,12026
8253242879,4/9/2016,Saturday,5360
8253242879,4/10/2016,Sunday,2545
8253242879,4/11/2016,Monday,1350
8378563200,3/12/2016,Saturday,3092
8378563200,3/13/2016,Sunday,2975
8378563200,3/14/2016,Monday,4467
8378563200,3/15/2016,Tuesday,11467
8378563200,3/16/2016,Wednesday,8007
8378563200,3/17/2016,Thursday,3292
8378563200,3/18/2016,Friday,11789
8378563200,3/19/2016,Saturday,4978
8378563200,3/20/2016,Sunday,7212
8378563200,3/21/2016,Monday,4753
8378563200,3/22/2016,Tuesday,10123
8378563200,3/23/2016,Wednesday,10287
8378563200,3/24/2016,Thursday,6350
8378563200,3/25/2016,Friday,11326
8378563200,3/26/2016,Saturday,5502
8378563200,3/27/2016,Sunday,2104
8378563200,3/28/2016,Monday,13252
8378563200,3/29/2016,Tuesday,13207
8378563200,3/30/2016,Wednesday,7771
8378563200,3/31/2016,Thursday,13578
8378563200,4/1/2016,Friday,14179
8378563200,4/2/2016,Saturday,3358
8378563200,4/3/2016,Sunday,9152
8378563200,4/4/2016,Monday,13927
8378563200,4/5/2016,Tuesday,12846
8378563200,4/6/2016,Wednesday,9124
8378563200,4/7/2016,Thursday,9725
8378563200,4/8/2016,Friday,8350
8378563200,4/9/2016,Saturday,2240
8378563200,4/10/2016,Sunday,2631
8378563200,4/11/2016,Monday,8837
8378563200,4/12/2016,Tuesday,7626
8583815059,3/12/2016,Saturday,2579
8583815059,3/13/2016,Sunday,2694
8583815059,3/14/2016,Monday,2030
8583815059,3/15/2016,Tuesday,2856
8583815059,3/16/2016,Wednesday,2651
8583815059,3/17/2016,Thursday,0
8583815059,3/18/2016,Friday,0
8583815059,3/19/2016,Saturday,0
8583815059,3/20/2016,Sunday,0
8583815059,3/21/2016,Monday,0
8583815059,3/22/2016,Tuesday,0
8583815059,3/23/2016,Wednesday,0
8583815059,3/24/2016,Thursday,0
8583815059,3/25/2016,Friday,0
8583815059,3/26/2016,Saturday,0
8583815059,3/27/2016,Sunday,0
8583815059,3/28/2016,Monday,2889
8583815059,3/29/2016,Tuesday,6835
8583815059,3/30/2016,Wednesday,6386
8583815059,3/31/2016,Thursday,7504
8583815059,4/1/2016,Friday,2174
8583815059,4/2/2016,Saturday,3452
8583815059,4/3/2016,Sunday,2380
8583815059,4/4/2016,Monday,3159
8583815059,4/5/2016,Tuesday,6835
8583815059,4/6/2016,Wednesday,2090
8583815059,4/7/2016,Thursday,2816
8583815059,4/8/2016,Friday,1251
8792009665,3/12/2016,Saturday,0
8792009665,3/13/2016,Sunday,0
8792009665,3/14/2016,Monday,0
8792009665,3/15/2016,Tuesday,0
8792009665,3/16/2016,Wednesday,0
8792009665,3/17/2016,Thursday,0
8792009665,3/18/2016,Friday,0
8792009665,3/19/2016,Saturday,0
8792009665,3/20/2016,Sunday,0
8792009665,3/21/2016,Monday,0
8792009665,3/22/2016,Tuesday,0
8792009665,3/23/2016,Wednesday,0
8792009665,3/24/2016,Thursday,0
8792009665,3/25/2016,Friday,0
8792009665,3/26/2016,Saturday,0
8792009665,3/27/2016,Sunday,5500
8792009665,3/28/2016,Monday,1421
8792009665,3/29/2016,Tuesday,1703
8792009665,3/30/2016,Wednesday,1032
8792009665,3/31/2016,Thursday,2967
8792009665,4/1/2016,Friday,4592
8792009665,4/2/2016,Saturday,8452
8792009665,4/3/2016,Sunday,7238
8792009665,4/4/2016,Monday,3821
8792009665,4/5/2016,Tuesday,2332
8792009665,4/6/2016,Wednesday,2121
8792009665,4/7/2016,Thursday,1291
8792009665,4/8/2016,Friday,1467
8792009665,4/9/2016,Saturday,1022
8792009665,4/10/2016,Sunday,4605
8792009665,4/11/2016,Monday,178
8792009665,4/12/2016,Tuesday,2556
8877689391,3/12/2016,Saturday,19442
8877689391,3/13/2016,Sunday,10594
8877689391,3/14/2016,Monday,20039
8877689391,3/15/2016,Tuesday,11176
8877689391,3/16/2016,Wednesday,17963
8877689391,3/17/2016,Thursday,15182
8877689391,3/18/2016,Friday,21467
8877689391,3/19/2016,Saturday,14761
8877689391,3/20/2016,Sunday,17377
8877689391,3/21/2016,Monday,11999
8877689391,3/22/2016,Tuesday,18399
8877689391,3/23/2016,Wednesday,23614
8877689391,3/24/2016,Thursday,10864
8877689391,3/25/2016,Friday,10529
8877689391,3/26/2016,Saturday,10686
8877689391,3/27/2016,Sunday,31226
8877689391,3/28/2016,Monday,10628
8877689391,3/29/2016,Tuesday,18297
8877689391,3/30/2016,Wednesday,18761
8877689391,3/31/2016,Thursday,13071
8877689391,4/1/2016,Friday,18664
8877689391,4/2/2016,Saturday,27439
8877689391,4/3/2016,Sunday,15184
8877689391,4/4/2016,Monday,20764
8877689391,4/5/2016,Tuesday,10629
8877689391,4/6/2016,Wednesday,24081
8877689391,4/7/2016,Thursday,10876
8877689391,4/8/2016,Friday,22989
8877689391,4/9/2016,Saturday,16451
8877689391,4/10/2016,Sunday,28481
8877689391,4/11/2016,Monday,10557
8877689391,4/12/2016,Tuesday,23186
1503960366,4/12/2016,Tuesday,13158
1503960366,4/13/2016,Wednesday,10735
1503960366,4/14/2016,Thursday,10460
1503960366,4/15/2016,Friday,9685
1503960366,4/16/2016,Saturday,12669
1503960366,4/17/2016,Sunday,9705
1503960366,4/18/2016,Monday,13019
1503960366,4/19/2016,Tuesday,15506
1503960366,4/20/2016,Wednesday,10544
1503960366,4/21/2016,Thursday,9819
1503960366,4/22/2016,Friday,12764
1503960366,4/23/2016,Saturday,14371
1503960366,4/24/2016,Sunday,10039
1503960366,4/25/2016,Monday,15355
1503960366,4/26/2016,Tuesday,13755
1503960366,4/27/2016,Wednesday,18125
1503960366,4/28/2016,Thursday,13091
1503960366,4/29/2016,Friday,11181
1503960366,4/30/2016,Saturday,14673
1503960366,5/1/2016,Sunday,10602
1503960366,5/2/2016,Monday,14710
1503960366,5/3/2016,Tuesday,15103
1503960366,5/4/2016,Wednesday,11100
1503960366,5/5/2016,Thursday,14047
1503960366,5/6/2016,Friday,12159
1503960366,5/7/2016,Saturday,11992
1503960366,5/8/2016,Sunday,10060
1503960366,5/9/2016,Monday,12022
1503960366,5/10/2016,Tuesday,12207
1503960366,5/11/2016,Wednesday,11890
1624580081,4/13/2016,Wednesday,7007
1624580081,4/14/2016,Thursday,9107
1624580081,4/15/2016,Friday,1490
1624580081,4/16/2016,Saturday,5370
1624580081,4/17/2016,Sunday,6150
1624580081,4/18/2016,Monday,10536
1624580081,4/19/2016,Tuesday,2916
1624580081,4/20/2016,Wednesday,4974
1624580081,4/21/2016,Thursday,6349
1624580081,4/22/2016,Friday,4002
1624580081,4/23/2016,Saturday,8538
1624580081,4/24/2016,Sunday,6076
1624580081,4/25/2016,Monday,6487
1624580081,4/26/2016,Tuesday,2826
1624580081,4/27/2016,Wednesday,8367
1624580081,4/28/2016,Thursday,2759
1624580081,4/29/2016,Friday,2390
1624580081,4/30/2016,Saturday,6474
1624580081,5/1/2016,Sunday,36019
1624580081,5/2/2016,Monday,7155
1624580081,5/3/2016,Tuesday,2100
1624580081,5/4/2016,Wednesday,2193
1624580081,5/5/2016,Thursday,2470
1624580081,5/6/2016,Friday,1727
1624580081,5/7/2016,Saturday,2104
1624580081,5/8/2016,Sunday,3427
1624580081,5/9/2016,Monday,1732
1624580081,5/10/2016,Tuesday,2969
1624580081,5/11/2016,Wednesday,3134
1624580081,5/12/2016,Thursday,2739
1644430081,4/12/2016,Tuesday,10694
1644430081,4/13/2016,Wednesday,8001
1644430081,4/14/2016,Thursday,11037
1644430081,4/15/2016,Friday,5263
1644430081,4/16/2016,Saturday,15223
1644430081,4/17/2016,Sunday,8757
1644430081,4/18/2016,Monday,7132
1644430081,4/19/2016,Tuesday,11231
1644430081,4/20/2016,Wednesday,2436
1644430081,4/21/2016,Thursday,1223
1644430081,4/22/2016,Friday,3673
1644430081,4/23/2016,Saturday,6637
1644430081,4/24/2016,Sunday,3321
1644430081,4/25/2016,Monday,3580
1644430081,4/26/2016,Tuesday,9919
1644430081,4/27/2016,Wednesday,3032
1644430081,4/28/2016,Thursday,9405
1644430081,4/29/2016,Friday,3176
1644430081,4/30/2016,Saturday,18213
1644430081,5/1/2016,Sunday,6132
1644430081,5/2/2016,Monday,3728
1644430081,5/3/2016,Tuesday,12789
1644430081,5/4/2016,Wednesday,2309
1644430081,5/5/2016,Thursday,4363
1644430081,5/6/2016,Friday,9758
1644430081,5/7/2016,Saturday,13372
1644430081,5/8/2016,Sunday,6724
1644430081,5/9/2016,Monday,6643
1644430081,5/10/2016,Tuesday,9167
1644430081,5/11/2016,Wednesday,989
1844505072,4/13/2016,Wednesday,4929
1844505072,4/14/2016,Thursday,7905
1844505072,4/15/2016,Friday,3844
1844505072,4/16/2016,Saturday,3414
1844505072,4/17/2016,Sunday,4525
1844505072,4/18/2016,Monday,4597
1844505072,4/19/2016,Tuesday,197
1844505072,4/20/2016,Wednesday,8
1844505072,4/21/2016,Thursday,8054
1844505072,4/22/2016,Friday,5372
1844505072,4/23/2016,Saturday,3570
1844505072,4/24/2016,Sunday,0
1844505072,4/25/2016,Monday,0
1844505072,4/26/2016,Tuesday,0
1844505072,4/27/2016,Wednesday,4
1844505072,4/28/2016,Thursday,6899
1844505072,4/29/2016,Friday,4920
1844505072,4/30/2016,Saturday,4014
1844505072,5/1/2016,Sunday,2573
1844505072,5/2/2016,Monday,0
1844505072,5/3/2016,Tuesday,4059
1844505072,5/4/2016,Wednesday,2080
1844505072,5/5/2016,Thursday,2237
1844505072,5/6/2016,Friday,44
1844505072,5/7/2016,Saturday,0
1844505072,5/8/2016,Sunday,0
1844505072,5/9/2016,Monday,0
1844505072,5/10/2016,Tuesday,0
1844505072,5/11/2016,Wednesday,0
1844505072,5/12/2016,Thursday,0
1927972279,4/13/2016,Wednesday,356
1927972279,4/14/2016,Thursday,2163
1927972279,4/15/2016,Friday,980
1927972279,4/16/2016,Saturday,0
1927972279,4/17/2016,Sunday,0
1927972279,4/18/2016,Monday,244
1927972279,4/19/2016,Tuesday,0
1927972279,4/20/2016,Wednesday,0
1927972279,4/21/2016,Thursday,0
1927972279,4/22/2016,Friday,149
1927972279,4/23/2016,Saturday,2945
1927972279,4/24/2016,Sunday,2090
1927972279,4/25/2016,Monday,152
1927972279,4/26/2016,Tuesday,3761
1927972279,4/27/2016,Wednesday,0
1927972279,4/28/2016,Thursday,1675
1927972279,4/29/2016,Friday,0
1927972279,4/30/2016,Saturday,0
1927972279,5/1/2016,Sunday,2704
1927972279,5/2/2016,Monday,3790
1927972279,5/3/2016,Tuesday,1326
1927972279,5/4/2016,Wednesday,1786
1927972279,5/5/2016,Thursday,0
1927972279,5/6/2016,Friday,2091
1927972279,5/7/2016,Saturday,1510
1927972279,5/8/2016,Sunday,0
1927972279,5/9/2016,Monday,0
1927972279,5/10/2016,Tuesday,0
1927972279,5/11/2016,Wednesday,0
1927972279,5/12/2016,Thursday,0
2022484408,4/13/2016,Wednesday,12024
2022484408,4/14/2016,Thursday,10690
2022484408,4/15/2016,Friday,11034
2022484408,4/16/2016,Saturday,10100
2022484408,4/17/2016,Sunday,15112
2022484408,4/18/2016,Monday,14131
2022484408,4/19/2016,Tuesday,11548
2022484408,4/20/2016,Wednesday,15112
2022484408,4/21/2016,Thursday,12453
2022484408,4/22/2016,Friday,12954
2022484408,4/23/2016,Saturday,6001
2022484408,4/24/2016,Sunday,13481
2022484408,4/25/2016,Monday,11369
2022484408,4/26/2016,Tuesday,10119
2022484408,4/27/2016,Wednesday,10159
2022484408,4/28/2016,Thursday,10140
2022484408,4/29/2016,Friday,10245
2022484408,4/30/2016,Saturday,18387
2022484408,5/1/2016,Sunday,10538
2022484408,5/2/2016,Monday,10379
2022484408,5/3/2016,Tuesday,12183
2022484408,5/4/2016,Wednesday,11768
2022484408,5/5/2016,Thursday,11895
2022484408,5/6/2016,Friday,10227
2022484408,5/7/2016,Saturday,6708
2022484408,5/8/2016,Sunday,3292
2022484408,5/9/2016,Monday,13379
2022484408,5/10/2016,Tuesday,12798
2022484408,5/11/2016,Wednesday,13272
2022484408,5/12/2016,Thursday,8339
2026352035,4/13/2016,Wednesday,4993
2026352035,4/14/2016,Thursday,3305
2026352035,4/15/2016,Friday,3821
2026352035,4/16/2016,Saturday,2547
2026352035,4/17/2016,Sunday,838
2026352035,4/18/2016,Monday,3325
2026352035,4/19/2016,Tuesday,2424
2026352035,4/20/2016,Wednesday,7222
2026352035,4/21/2016,Thursday,2467
2026352035,4/22/2016,Friday,2915
2026352035,4/23/2016,Saturday,12357
2026352035,4/24/2016,Sunday,3490
2026352035,4/25/2016,Monday,6017
2026352035,4/26/2016,Tuesday,5933
2026352035,4/27/2016,Wednesday,6088
2026352035,4/28/2016,Thursday,6375
2026352035,4/29/2016,Friday,7604
2026352035,4/30/2016,Saturday,4729
2026352035,5/1/2016,Sunday,3609
2026352035,5/2/2016,Monday,7018
2026352035,5/3/2016,Tuesday,5992
2026352035,5/4/2016,Wednesday,6564
2026352035,5/5/2016,Thursday,12167
2026352035,5/6/2016,Friday,8198
2026352035,5/7/2016,Saturday,4193
2026352035,5/8/2016,Sunday,5528
2026352035,5/9/2016,Monday,10652
2026352035,5/10/2016,Tuesday,254
2026352035,5/11/2016,Wednesday,8580
2026352035,5/12/2016,Thursday,8449
2320127002,4/13/2016,Wednesday,7275
2320127002,4/14/2016,Thursday,3973
2320127002,4/15/2016,Friday,5205
2320127002,4/16/2016,Saturday,5044
2320127002,4/17/2016,Sunday,6198
2320127002,4/18/2016,Monday,6538
2320127002,4/19/2016,Tuesday,5997
2320127002,4/20/2016,Wednesday,7162
2320127002,4/21/2016,Thursday,3404
2320127002,4/22/2016,Friday,5583
2320127002,4/23/2016,Saturday,5079
2320127002,4/24/2016,Sunday,4159
2320127002,4/25/2016,Monday,3588
2320127002,4/26/2016,Tuesday,3409
2320127002,4/27/2016,Wednesday,1715
2320127002,4/28/2016,Thursday,1532
2320127002,4/29/2016,Friday,924
2320127002,4/30/2016,Saturday,4558
2320127002,5/1/2016,Sunday,772
2320127002,5/2/2016,Monday,3634
2320127002,5/3/2016,Tuesday,7443
2320127002,5/4/2016,Wednesday,1201
2320127002,5/5/2016,Thursday,5202
2320127002,5/6/2016,Friday,4878
2320127002,5/7/2016,Saturday,7379
2320127002,5/8/2016,Sunday,5153
2320127002,5/9/2016,Monday,3090
2320127002,5/10/2016,Tuesday,6227
2320127002,5/11/2016,Wednesday,6424
2320127002,5/12/2016,Thursday,2564
2347167796,4/13/2016,Wednesday,10352
2347167796,4/14/2016,Thursday,10129
2347167796,4/15/2016,Friday,10465
2347167796,4/16/2016,Saturday,22244
2347167796,4/17/2016,Sunday,5472
2347167796,4/18/2016,Monday,8247
2347167796,4/19/2016,Tuesday,6711
2347167796,4/20/2016,Wednesday,10999
2347167796,4/21/2016,Thursday,10080
2347167796,4/22/2016,Friday,7804
2347167796,4/23/2016,Saturday,16901
2347167796,4/24/2016,Sunday,9471
2347167796,4/25/2016,Monday,9482
2347167796,4/26/2016,Tuesday,5980
2347167796,4/27/2016,Wednesday,11423
2347167796,4/28/2016,Thursday,5439
2347167796,4/29/2016,Friday,25
2873212765,4/12/2016,Tuesday,8796
2873212765,4/13/2016,Wednesday,7618
2873212765,4/14/2016,Thursday,7910
2873212765,4/15/2016,Friday,8482
2873212765,4/16/2016,Saturday,9677
2873212765,4/17/2016,Sunday,2524
2873212765,4/18/2016,Monday,7762
2873212765,4/19/2016,Tuesday,7948
2873212765,4/20/2016,Wednesday,9202
2873212765,4/21/2016,Thursday,8859
2873212765,4/22/2016,Friday,7286
2873212765,4/23/2016,Saturday,9317
2873212765,4/24/2016,Sunday,6873
2873212765,4/25/2016,Monday,7373
2873212765,4/26/2016,Tuesday,8242
2873212765,4/27/2016,Wednesday,3516
2873212765,4/28/2016,Thursday,7913
2873212765,4/29/2016,Friday,7365
2873212765,4/30/2016,Saturday,8452
2873212765,5/1/2016,Sunday,7399
2873212765,5/2/2016,Monday,7525
2873212765,5/3/2016,Tuesday,7412
2873212765,5/4/2016,Wednesday,8278
2873212765,5/5/2016,Thursday,8314
2873212765,5/6/2016,Friday,7063
2873212765,5/7/2016,Saturday,4940
2873212765,5/8/2016,Sunday,8168
2873212765,5/9/2016,Monday,7726
2873212765,5/10/2016,Tuesday,8275
2873212765,5/11/2016,Wednesday,6440
2873212765,5/12/2016,Thursday,7475
3372868164,4/12/2016,Tuesday,4747
3372868164,4/13/2016,Wednesday,9715
3372868164,4/14/2016,Thursday,8844
3372868164,4/15/2016,Friday,7451
3372868164,4/16/2016,Saturday,6905
3372868164,4/17/2016,Sunday,8199
3372868164,4/18/2016,Monday,6798
3372868164,4/19/2016,Tuesday,7711
3372868164,4/20/2016,Wednesday,4880
3372868164,4/21/2016,Thursday,8857
3372868164,4/22/2016,Friday,3843
3372868164,4/23/2016,Saturday,7396
3372868164,4/24/2016,Sunday,6731
3372868164,4/25/2016,Monday,5995
3372868164,4/26/2016,Tuesday,8283
3372868164,4/27/2016,Wednesday,7904
3372868164,4/28/2016,Thursday,5512
3372868164,4/29/2016,Friday,9135
3372868164,4/30/2016,Saturday,5250
3372868164,5/1/2016,Sunday,2901
3977333714,4/13/2016,Wednesday,10035
3977333714,4/14/2016,Thursday,7641
3977333714,4/15/2016,Friday,9010
3977333714,4/16/2016,Saturday,13459
3977333714,4/17/2016,Sunday,10415
3977333714,4/18/2016,Monday,11663
3977333714,4/19/2016,Tuesday,12257
3977333714,4/20/2016,Wednesday,11658
3977333714,4/21/2016,Thursday,6072
3977333714,4/22/2016,Friday,8911
3977333714,4/23/2016,Saturday,12058
3977333714,4/24/2016,Sunday,14112
3977333714,4/25/2016,Monday,11168
3977333714,4/26/2016,Tuesday,11388
3977333714,4/27/2016,Wednesday,7193
3977333714,4/28/2016,Thursday,7114
3977333714,4/29/2016,Friday,10645
3977333714,4/30/2016,Saturday,13238
3977333714,5/1/2016,Sunday,10414
3977333714,5/2/2016,Monday,16520
3977333714,5/3/2016,Tuesday,14335
3977333714,5/4/2016,Wednesday,13373
3977333714,5/5/2016,Thursday,12312
3977333714,5/6/2016,Friday,11677
3977333714,5/7/2016,Saturday,11550
3977333714,5/8/2016,Sunday,13585
3977333714,5/9/2016,Monday,14513
3977333714,5/10/2016,Tuesday,13072
4020332650,4/13/2016,Wednesday,0
4020332650,4/14/2016,Thursday,38
4020332650,4/15/2016,Friday,1873
4020332650,4/16/2016,Saturday,1969
4020332650,4/17/2016,Sunday,7
4020332650,4/18/2016,Monday,62
4020332650,4/19/2016,Tuesday,0
4020332650,4/20/2016,Wednesday,0
4020332650,4/21/2016,Thursday,0
4020332650,4/22/2016,Friday,0
4020332650,4/23/2016,Saturday,0
4020332650,4/24/2016,Sunday,0
4020332650,4/25/2016,Monday,0
4020332650,4/26/2016,Tuesday,0
4020332650,4/27/2016,Wednesday,0
4020332650,4/28/2016,Thursday,0
4020332650,4/29/2016,Friday,0
4020332650,4/30/2016,Saturday,0
4020332650,5/1/2016,Sunday,0
4020332650,5/2/2016,Monday,465
4020332650,5/3/2016,Tuesday,4465
4020332650,5/4/2016,Wednesday,10194
4020332650,5/5/2016,Thursday,11713
4020332650,5/6/2016,Friday,4357
4020332650,5/7/2016,Saturday,5005
4020332650,5/8/2016,Sunday,5812
4020332650,5/9/2016,Monday,4556
4020332650,5/10/2016,Tuesday,5474
4020332650,5/11/2016,Wednesday,3663
4020332650,5/12/2016,Thursday,257
4057192912,4/13/2016,Wednesday,5974
4057192912,4/14/2016,Thursday,0
4057192912,4/15/2016,Friday,3937
4319703577,4/12/2016,Tuesday,0
4319703577,4/13/2016,Wednesday,3619
4319703577,4/14/2016,Thursday,10210
4319703577,4/15/2016,Friday,5664
4319703577,4/16/2016,Saturday,4744
4319703577,4/17/2016,Sunday,29
4319703577,4/18/2016,Monday,2229
4319703577,4/19/2016,Tuesday,8925
4319703577,4/20/2016,Wednesday,8915
4319703577,4/21/2016,Thursday,517
4319703577,4/22/2016,Friday,4500
4319703577,4/23/2016,Saturday,4935
4319703577,4/24/2016,Sunday,4081
4319703577,4/25/2016,Monday,9259
4319703577,4/26/2016,Tuesday,9899
4319703577,4/27/2016,Wednesday,10780
4319703577,4/28/2016,Thursday,10810
4319703577,4/29/2016,Friday,7990
4319703577,4/30/2016,Saturday,8221
4319703577,5/1/2016,Sunday,1251
4319703577,5/2/2016,Monday,9121
4319703577,5/3/2016,Tuesday,9648
4319703577,5/4/2016,Wednesday,10429
4319703577,5/5/2016,Thursday,13658
4319703577,5/6/2016,Friday,9426
4319703577,5/7/2016,Saturday,7937
4319703577,5/8/2016,Sunday,3672
4319703577,5/9/2016,Monday,10362
4319703577,5/10/2016,Tuesday,9487
4319703577,5/11/2016,Wednesday,9129
4319703577,5/12/2016,Thursday,17
4388161847,4/12/2016,Tuesday,0
4388161847,4/13/2016,Wednesday,5938
4388161847,4/14/2016,Thursday,8863
4388161847,4/15/2016,Friday,8758
4388161847,4/16/2016,Saturday,6580
4388161847,4/17/2016,Sunday,4660
4388161847,4/18/2016,Monday,11009
4388161847,4/19/2016,Tuesday,10181
4388161847,4/20/2016,Wednesday,10553
4388161847,4/21/2016,Thursday,10055
4388161847,4/22/2016,Friday,12139
4388161847,4/23/2016,Saturday,13236
4388161847,4/24/2016,Sunday,10243
4388161847,4/25/2016,Monday,12961
4388161847,4/26/2016,Tuesday,9461
4388161847,4/27/2016,Wednesday,11193
4388161847,4/28/2016,Thursday,10074
4388161847,4/29/2016,Friday,9232
4388161847,4/30/2016,Saturday,12533
4388161847,5/1/2016,Sunday,10255
4388161847,5/2/2016,Monday,10096
4388161847,5/3/2016,Tuesday,12727
4388161847,5/4/2016,Wednesday,12375
4388161847,5/5/2016,Thursday,9603
4388161847,5/6/2016,Friday,13175
4388161847,5/7/2016,Saturday,22770
4388161847,5/8/2016,Sunday,17298
4388161847,5/9/2016,Monday,10218
4388161847,5/10/2016,Tuesday,10299
4388161847,5/11/2016,Wednesday,10201
4388161847,5/12/2016,Thursday,3079
4445114986,4/13/2016,Wednesday,2961
4445114986,4/14/2016,Thursday,3974
4445114986,4/15/2016,Friday,7198
4445114986,4/16/2016,Saturday,3945
4445114986,4/17/2016,Sunday,2258
4445114986,4/18/2016,Monday,6155
4445114986,4/19/2016,Tuesday,2064
4445114986,4/20/2016,Wednesday,2072
4445114986,4/21/2016,Thursday,3789
4445114986,4/22/2016,Friday,6831
4445114986,4/23/2016,Saturday,4363
4445114986,4/24/2016,Sunday,5002
4445114986,4/25/2016,Monday,3385
4445114986,4/26/2016,Tuesday,6326
4445114986,4/27/2016,Wednesday,7243
4445114986,4/28/2016,Thursday,4493
4445114986,4/29/2016,Friday,4658
4445114986,4/30/2016,Saturday,6222
4445114986,5/1/2016,Sunday,5232
4445114986,5/2/2016,Monday,6910
4445114986,5/3/2016,Tuesday,7502
4445114986,5/4/2016,Wednesday,2923
4445114986,5/5/2016,Thursday,3800
4445114986,5/6/2016,Friday,4514
4445114986,5/7/2016,Saturday,5167
4445114986,5/8/2016,Sunday,7303
4445114986,5/9/2016,Monday,5275
4445114986,5/10/2016,Tuesday,3915
4445114986,5/11/2016,Wednesday,9105
4445114986,5/12/2016,Thursday,687
4558609924,4/13/2016,Wednesday,4978
4558609924,4/14/2016,Thursday,6799
4558609924,4/15/2016,Friday,7795
4558609924,4/16/2016,Saturday,7265
4558609924,4/17/2016,Sunday,9634
4558609924,4/18/2016,Monday,8940
4558609924,4/19/2016,Tuesday,5401
4558609924,4/20/2016,Wednesday,4803
4558609924,4/21/2016,Thursday,13743
4558609924,4/22/2016,Friday,9601
4558609924,4/23/2016,Saturday,6890
4558609924,4/24/2016,Sunday,8553
4558609924,4/25/2016,Monday,8095
4558609924,4/26/2016,Tuesday,9148
4558609924,4/27/2016,Wednesday,9557
4558609924,4/28/2016,Thursday,9451
4558609924,4/29/2016,Friday,7833
4558609924,4/30/2016,Saturday,10310
4558609924,5/1/2016,Sunday,3428
4558609924,5/2/2016,Monday,7891
4558609924,5/3/2016,Tuesday,5267
4558609924,5/4/2016,Wednesday,5232
4558609924,5/5/2016,Thursday,10611
4558609924,5/6/2016,Friday,3755
4558609924,5/7/2016,Saturday,8237
4558609924,5/8/2016,Sunday,6543
4558609924,5/9/2016,Monday,11451
4558609924,5/10/2016,Tuesday,6435
4558609924,5/11/2016,Wednesday,9108
4558609924,5/12/2016,Thursday,6020
4702921684,4/12/2016,Tuesday,7213
4702921684,4/13/2016,Wednesday,6877
4702921684,4/14/2016,Thursday,7860
4702921684,4/15/2016,Friday,6506
4702921684,4/16/2016,Saturday,11134
4702921684,4/17/2016,Sunday,12692
4702921684,4/18/2016,Monday,9105
4702921684,4/19/2016,Tuesday,6708
4702921684,4/20/2016,Wednesday,8793
4702921684,4/21/2016,Thursday,6530
4702921684,4/22/2016,Friday,1664
4702921684,4/23/2016,Saturday,15126
4702921684,4/24/2016,Sunday,15050
4702921684,4/25/2016,Monday,9140
4702921684,4/26/2016,Tuesday,6108
4702921684,4/27/2016,Wednesday,6976
4702921684,4/28/2016,Thursday,9023
4702921684,4/29/2016,Friday,9930
4702921684,4/30/2016,Saturday,10144
4702921684,5/1/2016,Sunday,0
4702921684,5/2/2016,Monday,7245
4702921684,5/3/2016,Tuesday,9454
4702921684,5/4/2016,Wednesday,8161
4702921684,5/5/2016,Thursday,8614
4702921684,5/6/2016,Friday,6910
4702921684,5/7/2016,Saturday,14370
4702921684,5/8/2016,Sunday,12857
4702921684,5/9/2016,Monday,8232
4702921684,5/10/2016,Tuesday,10613
4702921684,5/11/2016,Wednesday,9772
4702921684,5/12/2016,Thursday,2752
5553957443,4/13/2016,Wednesday,4832
5553957443,4/14/2016,Thursday,17022
5553957443,4/15/2016,Friday,16556
5553957443,4/16/2016,Saturday,5771
5553957443,4/17/2016,Sunday,655
5553957443,4/18/2016,Monday,3727
5553957443,4/19/2016,Tuesday,15482
5553957443,4/20/2016,Wednesday,2713
5553957443,4/21/2016,Thursday,12346
5553957443,4/22/2016,Friday,11670
5553957443,4/23/2016,Saturday,4110
5553957443,4/24/2016,Sunday,1807
5553957443,4/25/2016,Monday,10946
5553957443,4/26/2016,Tuesday,11886
5553957443,4/27/2016,Wednesday,10538
5553957443,4/28/2016,Thursday,11393
5553957443,4/29/2016,Friday,12764
5553957443,4/30/2016,Saturday,1202
5553957443,5/1/2016,Sunday,5164
5553957443,5/2/2016,Monday,9769
5553957443,5/3/2016,Tuesday,12821
5553957443,5/4/2016,Wednesday,4249
5553957443,5/5/2016,Thursday,14331
5553957443,5/6/2016,Friday,9632
5553957443,5/7/2016,Saturday,1868
5553957443,5/8/2016,Sunday,6083
5553957443,5/9/2016,Monday,11611
5553957443,5/10/2016,Tuesday,16315
5553957443,5/11/2016,Wednesday,4926
5553957443,5/12/2016,Thursday,3121
5577150313,4/12/2016,Tuesday,8135
5577150313,4/13/2016,Wednesday,5077
5577150313,4/14/2016,Thursday,8596
5577150313,4/15/2016,Friday,12087
5577150313,4/16/2016,Saturday,14261
5577150313,4/17/2016,Sunday,12231
5577150313,4/18/2016,Monday,9893
5577150313,4/19/2016,Tuesday,12574
5577150313,4/20/2016,Wednesday,8330
5577150313,4/21/2016,Thursday,10830
5577150313,4/22/2016,Friday,8700
5577150313,4/23/2016,Saturday,7638
5577150313,4/24/2016,Sunday,15764
5577150313,4/25/2016,Monday,6393
5577150313,4/26/2016,Tuesday,5325
5577150313,4/27/2016,Wednesday,6805
5577150313,4/28/2016,Thursday,9841
5577150313,4/29/2016,Friday,7924
5577150313,4/30/2016,Saturday,12363
5577150313,5/1/2016,Sunday,13368
5577150313,5/2/2016,Monday,7414
5577150313,5/3/2016,Tuesday,11045
5577150313,5/4/2016,Wednesday,5206
5577150313,5/5/2016,Thursday,7550
5577150313,5/6/2016,Friday,4950
5577150313,5/7/2016,Saturday,0
5577150313,5/8/2016,Sunday,0
5577150313,5/9/2016,Monday,3421
5577150313,5/10/2016,Tuesday,8869
5577150313,5/11/2016,Wednesday,3929
6117666160,4/12/2016,Tuesday,0
6117666160,4/13/2016,Wednesday,0
6117666160,4/14/2016,Thursday,0
6117666160,4/15/2016,Friday,14019
6117666160,4/16/2016,Saturday,14450
6117666160,4/17/2016,Sunday,7150
6117666160,4/18/2016,Monday,5153
6117666160,4/19/2016,Tuesday,11135
6117666160,4/20/2016,Wednesday,10449
6117666160,4/21/2016,Thursday,9093
6117666160,4/22/2016,Friday,8206
6117666160,4/23/2016,Saturday,11495
6117666160,4/24/2016,Sunday,7623
6117666160,4/25/2016,Monday,0
6117666160,4/26/2016,Tuesday,9543
6117666160,4/27/2016,Wednesday,9411
6117666160,4/28/2016,Thursday,3403
6117666160,4/29/2016,Friday,9592
6117666160,4/30/2016,Saturday,6987
6117666160,5/1/2016,Sunday,8915
6117666160,5/2/2016,Monday,4927
6117666160,5/3/2016,Tuesday,0
6117666160,5/4/2016,Wednesday,2997
6117666160,5/5/2016,Thursday,9799
6117666160,5/6/2016,Friday,3365
6117666160,5/7/2016,Saturday,7336
6117666160,5/8/2016,Sunday,7328
6117666160,5/9/2016,Monday,3297
6290855005,4/12/2016,Tuesday,4562
6290855005,4/13/2016,Wednesday,7142
6290855005,4/14/2016,Thursday,7671
6290855005,4/15/2016,Friday,9501
6290855005,4/16/2016,Saturday,8301
6290855005,4/17/2016,Sunday,7851
6290855005,4/18/2016,Monday,6885
6290855005,4/19/2016,Tuesday,7142
6290855005,4/20/2016,Wednesday,6361
6290855005,4/21/2016,Thursday,0
6290855005,4/22/2016,Friday,6238
6290855005,4/23/2016,Saturday,0
6290855005,4/24/2016,Sunday,5896
6290855005,4/25/2016,Monday,7802
6290855005,4/26/2016,Tuesday,0
6290855005,4/27/2016,Wednesday,5565
6290855005,4/28/2016,Thursday,5731
6290855005,4/29/2016,Friday,0
6290855005,4/30/2016,Saturday,6744
6290855005,5/1/2016,Sunday,9837
6290855005,5/2/2016,Monday,6781
6290855005,5/3/2016,Tuesday,6047
6290855005,5/4/2016,Wednesday,5832
6290855005,5/5/2016,Thursday,6339
6290855005,5/6/2016,Friday,6116
6290855005,5/7/2016,Saturday,5510
6290855005,5/8/2016,Sunday,7706
6290855005,5/9/2016,Monday,6118
6775888955,4/12/2016,Tuesday,0
6775888955,4/13/2016,Wednesday,4053
6775888955,4/14/2016,Thursday,5162
6775888955,4/15/2016,Friday,1282
6775888955,4/16/2016,Saturday,4732
6775888955,4/17/2016,Sunday,2497
6775888955,4/18/2016,Monday,8294
6775888955,4/19/2016,Tuesday,0
6775888955,4/20/2016,Wednesday,10771
6775888955,4/21/2016,Thursday,0
6775888955,4/22/2016,Friday,637
6775888955,4/23/2016,Saturday,0
6775888955,4/24/2016,Sunday,2153
6775888955,4/25/2016,Monday,6463
6775888955,4/26/2016,Tuesday,7091
6775888955,4/27/2016,Wednesday,0
6775888955,4/28/2016,Thursday,703
6775888955,4/29/2016,Friday,0
6775888955,4/30/2016,Saturday,2503
6775888955,5/1/2016,Sunday,2487
6775888955,5/2/2016,Monday,0
6775888955,5/3/2016,Tuesday,9
6775888955,5/4/2016,Wednesday,0
6775888955,5/5/2016,Thursday,0
6775888955,5/6/2016,Friday,4642
6775888955,5/7/2016,Saturday,1892
6962181067,4/13/2016,Wednesday,5652
6962181067,4/14/2016,Thursday,1551
6962181067,4/15/2016,Friday,5563
6962181067,4/16/2016,Saturday,13217
6962181067,4/17/2016,Sunday,10145
6962181067,4/18/2016,Monday,11404
6962181067,4/19/2016,Tuesday,10742
6962181067,4/20/2016,Wednesday,13928
6962181067,4/21/2016,Thursday,11835
6962181067,4/22/2016,Friday,10725
6962181067,4/23/2016,Saturday,20031
6962181067,4/24/2016,Sunday,5029
6962181067,4/25/2016,Monday,13239
6962181067,4/26/2016,Tuesday,10433
6962181067,4/27/2016,Wednesday,10320
6962181067,4/28/2016,Thursday,12627
6962181067,4/29/2016,Friday,10762
6962181067,4/30/2016,Saturday,10081
6962181067,5/1/2016,Sunday,5454
6962181067,5/2/2016,Monday,12912
6962181067,5/3/2016,Tuesday,12109
6962181067,5/4/2016,Wednesday,10147
6962181067,5/5/2016,Thursday,10524
6962181067,5/6/2016,Friday,5908
6962181067,5/7/2016,Saturday,6815
6962181067,5/8/2016,Sunday,4188
6962181067,5/9/2016,Monday,12342
6962181067,5/10/2016,Tuesday,15448
6962181067,5/11/2016,Wednesday,6722
6962181067,5/12/2016,Thursday,3569
7007744171,4/13/2016,Wednesday,12862
7007744171,4/14/2016,Thursday,11179
7007744171,4/15/2016,Friday,5273
7007744171,4/16/2016,Saturday,4631
7007744171,4/17/2016,Sunday,8059
7007744171,4/18/2016,Monday,14816
7007744171,4/19/2016,Tuesday,14194
7007744171,4/20/2016,Wednesday,15566
7007744171,4/21/2016,Thursday,13744
7007744171,4/22/2016,Friday,15299
7007744171,4/23/2016,Saturday,8093
7007744171,4/24/2016,Sunday,11085
7007744171,4/25/2016,Monday,18229
7007744171,4/26/2016,Tuesday,15090
7007744171,4/27/2016,Wednesday,13541
7007744171,4/28/2016,Thursday,15128
7007744171,4/29/2016,Friday,20067
7007744171,4/30/2016,Saturday,3761
7007744171,5/1/2016,Sunday,5600
7007744171,5/2/2016,Monday,13041
7007744171,5/3/2016,Tuesday,14510
7007744171,5/4/2016,Wednesday,0
7007744171,5/5/2016,Thursday,15010
7007744171,5/6/2016,Friday,11459
7007744171,5/7/2016,Saturday,0
7086361926,4/13/2016,Wednesday,5813
7086361926,4/14/2016,Thursday,8998
7086361926,4/15/2016,Friday,8585
7086361926,4/16/2016,Saturday,31
7086361926,4/17/2016,Sunday,0
7086361926,4/18/2016,Monday,9827
7086361926,4/19/2016,Tuesday,10688
7086361926,4/20/2016,Wednesday,14365
7086361926,4/21/2016,Thursday,9469
7086361926,4/22/2016,Friday,9733
7086361926,4/23/2016,Saturday,2811
7086361926,4/24/2016,Sunday,3520
7086361926,4/25/2016,Monday,10091
7086361926,4/26/2016,Tuesday,10378
7086361926,4/27/2016,Wednesday,11107
7086361926,4/28/2016,Thursday,11575
7086361926,4/29/2016,Friday,7881
7086361926,4/30/2016,Saturday,14560
7086361926,5/1/2016,Sunday,12375
7086361926,5/2/2016,Monday,10052
7086361926,5/3/2016,Tuesday,10288
7086361926,5/4/2016,Wednesday,10988
7086361926,5/5/2016,Thursday,8525
7086361926,5/6/2016,Friday,12461
7086361926,5/7/2016,Saturday,12827
7086361926,5/8/2016,Sunday,10677
7086361926,5/9/2016,Monday,13558
7086361926,5/10/2016,Tuesday,14407
7086361926,5/11/2016,Wednesday,9572
7086361926,5/12/2016,Thursday,1032
8053475328,4/13/2016,Wednesday,16433
8053475328,4/14/2016,Thursday,20089
8053475328,4/15/2016,Friday,20669
8053475328,4/16/2016,Saturday,14549
8053475328,4/17/2016,Sunday,18827
8053475328,4/18/2016,Monday,17076
8053475328,4/19/2016,Tuesday,15929
8053475328,4/20/2016,Wednesday,15108
8053475328,4/21/2016,Thursday,16049
8053475328,4/22/2016,Friday,10520
8053475328,4/23/2016,Saturday,22359
8053475328,4/24/2016,Sunday,22988
8053475328,4/25/2016,Monday,20500
8053475328,4/26/2016,Tuesday,12685
8053475328,4/27/2016,Wednesday,12422
8053475328,4/28/2016,Thursday,15447
8053475328,4/29/2016,Friday,12315
8053475328,4/30/2016,Saturday,7135
8053475328,5/1/2016,Sunday,1170
8053475328,5/2/2016,Monday,1969
8053475328,5/3/2016,Tuesday,15484
8053475328,5/4/2016,Wednesday,14563
8053475328,5/5/2016,Thursday,14990
8053475328,5/6/2016,Friday,13953
8053475328,5/7/2016,Saturday,19769
8053475328,5/8/2016,Sunday,22026
8053475328,5/9/2016,Monday,12465
8053475328,5/10/2016,Tuesday,14810
8053475328,5/11/2016,Wednesday,12209
8053475328,5/12/2016,Thursday,4895
8253242879,4/12/2016,Tuesday,9033
8253242879,4/13/2016,Wednesday,8053
8253242879,4/14/2016,Thursday,5234
8253242879,4/15/2016,Friday,2672
8253242879,4/16/2016,Saturday,9256
8253242879,4/17/2016,Sunday,10204
8253242879,4/18/2016,Monday,5151
8253242879,4/19/2016,Tuesday,4212
8253242879,4/20/2016,Wednesday,6466
8253242879,4/21/2016,Thursday,11268
8253242879,4/22/2016,Friday,2824
8253242879,4/23/2016,Saturday,9282
8253242879,4/24/2016,Sunday,8905
8253242879,4/25/2016,Monday,6829
8253242879,4/26/2016,Tuesday,4562
8253242879,4/27/2016,Wednesday,10232
8253242879,4/28/2016,Thursday,2718
8253242879,4/29/2016,Friday,5937
8378563200,4/13/2016,Wednesday,12386
8378563200,4/14/2016,Thursday,13318
8378563200,4/15/2016,Friday,14461
8378563200,4/16/2016,Saturday,11196
8378563200,4/17/2016,Sunday,2132
8378563200,4/18/2016,Monday,13630
8378563200,4/19/2016,Tuesday,13070
8378563200,4/20/2016,Wednesday,9388
8378563200,4/21/2016,Thursday,15148
8378563200,4/22/2016,Friday,12200
8378563200,4/23/2016,Saturday,5709
8378563200,4/24/2016,Sunday,3703
8378563200,4/25/2016,Monday,12405
8378563200,4/26/2016,Tuesday,16208
8378563200,4/27/2016,Wednesday,7359
8378563200,4/28/2016,Thursday,5417
8378563200,4/29/2016,Friday,6147
8378563200,4/30/2016,Saturday,2946
8378563200,5/1/2016,Sunday,11419
8378563200,5/2/2016,Monday,6064
8378563200,5/3/2016,Tuesday,8712
8378563200,5/4/2016,Wednesday,7875
8378563200,5/5/2016,Thursday,8567
8378563200,5/6/2016,Friday,7045
8378563200,5/7/2016,Saturday,4468
8378563200,5/8/2016,Sunday,2943
8378563200,5/9/2016,Monday,8382
8378563200,5/10/2016,Tuesday,6582
8378563200,5/11/2016,Wednesday,9143
8378563200,5/12/2016,Thursday,4056
8583815059,4/12/2016,Tuesday,5014
8583815059,4/13/2016,Wednesday,5571
8583815059,4/14/2016,Thursday,3118
8583815059,4/15/2016,Friday,1158
8583815059,4/16/2016,Saturday,0
8583815059,4/17/2016,Sunday,0
8583815059,4/18/2016,Monday,3481
8583815059,4/19/2016,Tuesday,5697
8583815059,4/20/2016,Wednesday,5273
8583815059,4/21/2016,Thursday,8538
8583815059,4/22/2016,Friday,8687
8583815059,4/23/2016,Saturday,9381
8583815059,4/24/2016,Sunday,8286
8583815059,4/25/2016,Monday,4503
8583815059,4/26/2016,Tuesday,10499
8583815059,4/27/2016,Wednesday,12474
8583815059,4/28/2016,Thursday,6174
8583815059,4/29/2016,Friday,15156
8583815059,4/30/2016,Saturday,10085
8583815059,5/1/2016,Sunday,3773
8583815059,5/2/2016,Monday,0
8583815059,5/3/2016,Tuesday,0
8583815059,5/4/2016,Wednesday,0
8583815059,5/5/2016,Thursday,1507
8583815059,5/6/2016,Friday,5843
8583815059,5/7/2016,Saturday,6117
8583815059,5/8/2016,Sunday,9217
8583815059,5/9/2016,Monday,9834
8583815059,5/10/2016,Tuesday,8217
8583815059,5/11/2016,Wednesday,8597
8792009665,4/13/2016,Wednesday,1320
8792009665,4/14/2016,Thursday,1219
8792009665,4/15/2016,Friday,2483
8792009665,4/16/2016,Saturday,244
8792009665,4/17/2016,Sunday,0
8792009665,4/18/2016,Monday,0
8792009665,4/19/2016,Tuesday,0
8792009665,4/20/2016,Wednesday,3147
8792009665,4/21/2016,Thursday,144
8792009665,4/22/2016,Friday,4068
8792009665,4/23/2016,Saturday,5245
8792009665,4/24/2016,Sunday,400
8792009665,4/25/2016,Monday,0
8792009665,4/26/2016,Tuesday,1321
8792009665,4/27/2016,Wednesday,1758
8792009665,4/28/2016,Thursday,6157
8792009665,4/29/2016,Friday,8360
8792009665,4/30/2016,Saturday,7174
8792009665,5/1/2016,Sunday,1619
8792009665,5/2/2016,Monday,1831
8792009665,5/3/2016,Tuesday,2421
8792009665,5/4/2016,Wednesday,2283
8792009665,5/5/2016,Thursday,0
8792009665,5/6/2016,Friday,0
8792009665,5/7/2016,Saturday,0
8792009665,5/8/2016,Sunday,0
8792009665,5/9/2016,Monday,0
8877689391,4/13/2016,Wednesday,15337
8877689391,4/14/2016,Thursday,21071
8877689391,4/15/2016,Friday,13375
8877689391,4/16/2016,Saturday,29204
8877689391,4/17/2016,Sunday,15118
8877689391,4/18/2016,Monday,11409
8877689391,4/19/2016,Tuesday,18748
8877689391,4/20/2016,Wednesday,19881
8877689391,4/21/2016,Thursday,19377
8877689391,4/22/2016,Friday,18225
8877689391,4/23/2016,Saturday,11191
8877689391,4/24/2016,Sunday,16660
8877689391,4/25/2016,Monday,12957
8877689391,4/26/2016,Tuesday,11070
8877689391,4/27/2016,Wednesday,23603
8877689391,4/28/2016,Thursday,14885
8877689391,4/29/2016,Friday,9700
8877689391,4/30/2016,Saturday,27710
8877689391,5/1/2016,Sunday,10890
8877689391,5/2/2016,Monday,4699
8877689391,5/3/2016,Tuesday,10791
8877689391,5/4/2016,Wednesday,18165
8877689391,5/5/2016,Thursday,14055
8877689391,5/6/2016,Friday,21622
8877689391,5/7/2016,Saturday,12212
8877689391,5/8/2016,Sunday,10665
8877689391,5/9/2016,Monday,20156
8877689391,5/10/2016,Tuesday,10693
8877689391,5/11/2016,Wednesday,21391
8877689391,5/12/2016,Thursday,7577